Job ID,Title,Company / Poster,Source,Job Link,User Link,Date Posted (UTC),Days Posted,Access Cost,Applied,Rejection
Reddit r/forhire - https://www.reddit.com/r/forhire/comments/1vnffax/for_hire_3d_design_modelling_autocad_ansys_20hr/,"[FOR HIRE] 3D Design, Modelling, AutoCAD, ANSYS | ($20/hr)",/u/Electrical_Rip_8299,Reddit r/forhire,https://www.reddit.com/r/forhire/comments/1vnffax/for_hire_3d_design_modelling_autocad_ansys_20hr/,https://www.reddit.com/user/Electrical_Rip_8299,2026-08-13T16:21:04Z,Today,Free (No Fees),,
Reddit r/forhire - https://www.reddit.com/r/forhire/comments/1vndshy/for_hire_im_a_web_developer_wordpress_woocommerce/,"[FOR HIRE] I'm a Web Developer - WordPress, WooCommerce & Shopify - $20/hr",/u/kalsorop,Reddit r/forhire,https://www.reddit.com/r/forhire/comments/1vndshy/for_hire_im_a_web_developer_wordpress_woocommerce/,https://www.reddit.com/user/kalsorop,2026-08-13T15:23:23Z,Today,Free (No Fees),,
Reddit r/forhire - https://www.reddit.com/r/forhire/comments/1vnazpq/for_hire_accounting_student_trying_to_manage_my/,[For Hire] Accounting Student Trying To Manage My Own Expenses,/u/covetrips,Reddit r/forhire,https://www.reddit.com/r/forhire/comments/1vnazpq/for_hire_accounting_student_trying_to_manage_my/,https://www.reddit.com/user/covetrips,2026-08-13T13:38:28Z,Today,Free (No Fees),,
Reddit r/forhire - https://www.reddit.com/r/forhire/comments/1vnaqxb/for_hire_remote_ecommerce_operations_email/,"[For Hire] Remote E-commerce Operations | Email Marketing | Data Analytics | Equity Research & Python. Rate: $15/hr, negotiable depending on scope and engagement.",/u/QuantumMorpheus,Reddit r/forhire,https://www.reddit.com/r/forhire/comments/1vnaqxb/for_hire_remote_ecommerce_operations_email/,https://www.reddit.com/user/QuantumMorpheus,2026-08-13T13:28:41Z,Today,Free (No Fees),,
Reddit r/forhire - https://www.reddit.com/r/forhire/comments/1vnaofh/for_hire_productui_designer_and_fullstack/,[For Hire] Product/UI Designer and Full-Stack Developer,/u/hot_star,Reddit r/forhire,https://www.reddit.com/r/forhire/comments/1vnaofh/for_hire_productui_designer_and_fullstack/,https://www.reddit.com/user/hot_star,2026-08-13T13:25:50Z,Today,Free (No Fees),,
Reddit r/forhire - https://www.reddit.com/r/forhire/comments/1vn4ftw/for_hire_fullstack_developer_python_laravel/,"[for hire] Full-Stack Developer | Python, Laravel, Automation, AI, Web Apps, Complete Website Services",/u/rwsvitu,Reddit r/forhire,https://www.reddit.com/r/forhire/comments/1vn4ftw/for_hire_fullstack_developer_python_laravel/,https://www.reddit.com/user/rwsvitu,2026-08-13T08:02:24Z,Today,Free (No Fees),,
Reddit r/forhire - https://www.reddit.com/r/forhire/comments/1vn3vxm/for_hire_faceless_youtube_shorts_script_ai_voice/,"[FOR HIRE] Faceless YouTube Shorts, script, AI Voice Over, captions, B-roll. I run 4 channels on a pipeline I built. From $13/video",/u/Dull-Paper-9659,Reddit r/forhire,https://www.reddit.com/r/forhire/comments/1vn3vxm/for_hire_faceless_youtube_shorts_script_ai_voice/,https://www.reddit.com/user/Dull-Paper-9659,2026-08-13T07:29:57Z,Today,Free (No Fees),,
Reddit r/forhire - https://www.reddit.com/r/forhire/comments/1vn0yoc/for_hire_engineering_student_looking_for_parttime/,[For Hire] Engineering Student Looking for Part-Time WFH Work,/u/Educational_Help5769,Reddit r/forhire,https://www.reddit.com/r/forhire/comments/1vn0yoc/for_hire_engineering_student_looking_for_parttime/,https://www.reddit.com/user/Educational_Help5769,2026-08-13T04:46:58Z,Today,Free (No Fees),,
Reddit r/hiring - https://www.reddit.com/r/hiring/comments/1vnameu/hiring_illustrator_website_ui_designer_perproject/,[Hiring] – Illustrator + Website UI Designer (Per-Project) Pay Based on Scope,/u/eulercoder,Reddit r/hiring,https://www.reddit.com/r/hiring/comments/1vnameu/hiring_illustrator_website_ui_designer_perproject/,https://www.reddit.com/user/eulercoder,2026-08-13T13:23:36Z,Today,Free (No Fees),,
Reddit r/hiring - https://www.reddit.com/r/hiring/comments/1vn2qzm/for_hire_im_available_web_designerdeveloper/,"[for hire] I'm available: Web Designer/Developer. Wordpress, eCommerce and more. Complete website package and launch help. Can start fast/Remote.",/u/AGENT_1611,Reddit r/hiring,https://www.reddit.com/r/hiring/comments/1vn2qzm/for_hire_im_available_web_designerdeveloper/,https://www.reddit.com/user/AGENT_1611,2026-08-13T06:24:32Z,Today,Free (No Fees),,
Reddit r/hiring - https://www.reddit.com/r/hiring/comments/1vmqq9g/hiring_15hr_in_los_angeles_or_foreign_countries/,"[HIRING] $15/HR IN LOS ANGELES OR FOREIGN COUNTRIES. AI, software development and financial markets, and can code in nodejs",/u/lbn349,Reddit r/hiring,https://www.reddit.com/r/hiring/comments/1vmqq9g/hiring_15hr_in_los_angeles_or_foreign_countries/,https://www.reddit.com/user/lbn349,2026-08-12T21:09:38Z,Today,Free (No Fees),,
Reddit r/hiring - https://www.reddit.com/r/hiring/comments/1vmnjdw/hiring_remote_team_expansion_fullstack_engineers/,[Hiring] Remote Team Expansion: Full-Stack Engineers (Node.js/React/Laravel) & Virtual Assistant,/u/ZookeepergameOk6318,Reddit r/hiring,https://www.reddit.com/r/hiring/comments/1vmnjdw/hiring_remote_team_expansion_fullstack_engineers/,https://www.reddit.com/user/ZookeepergameOk6318,2026-08-12T19:09:14Z,Today,Free (No Fees),,
Reddit r/forhire - https://www.reddit.com/r/forhire/comments/1vn6dq1/hiring_freelance_sales_support_remote_15hr/,[Hiring] Freelance Sales Support – Remote | $15/hr,/u/Guilty_Difference_42,Reddit r/forhire,https://www.reddit.com/r/forhire/comments/1vn6dq1/hiring_freelance_sales_support_remote_15hr/,https://www.reddit.com/user/Guilty_Difference_42,2026-08-13T09:57:40Z,Today,Free (No Fees),,
Reddit r/forhire - https://www.reddit.com/r/forhire/comments/1vnc4a1/hiring_remote_qa_testers_mobileweb_app_testing/,[Hiring] Remote QA Testers – Mobile/Web App Testing ($50–$80/week post probation | Part-Time),/u/upsetimplemented,Reddit r/forhire,https://www.reddit.com/r/forhire/comments/1vnc4a1/hiring_remote_qa_testers_mobileweb_app_testing/,https://www.reddit.com/user/upsetimplemented,2026-08-13T14:21:59Z,Today,Free (No Fees),,
Reddit r/forhire - https://www.reddit.com/r/forhire/comments/1vnft56/for_hire_mathphysics_tutor_40_per_hour/,[For Hire] Math/physics tutor - $40 per hour,/u/Glittering_Report_82,Reddit r/forhire,https://www.reddit.com/r/forhire/comments/1vnft56/for_hire_mathphysics_tutor_40_per_hour/,https://www.reddit.com/user/Glittering_Report_82,2026-08-13T16:34:52Z,Today,Free (No Fees),,
Reddit r/forhire - https://www.reddit.com/r/forhire/comments/1vnf0zr/for_hire_software_qa_testing_services/,[For Hire] Software QA Testing Services,/u/Azr1m-_-,Reddit r/forhire,https://www.reddit.com/r/forhire/comments/1vnf0zr/for_hire_software_qa_testing_services/,https://www.reddit.com/user/Azr1m-_-,2026-08-13T16:07:10Z,Today,Free (No Fees),,
Reddit r/forhire - https://www.reddit.com/r/forhire/comments/1vnegyg/for_hire_senior_bookkeeper/,[For Hire] Senior Bookkeeper,/u/ZookeepergameFew974,Reddit r/forhire,https://www.reddit.com/r/forhire/comments/1vnegyg/for_hire_senior_bookkeeper/,https://www.reddit.com/user/ZookeepergameFew974,2026-08-13T15:47:42Z,Today,Free (No Fees),,
Reddit r/forhire - https://www.reddit.com/r/forhire/comments/1vnaxi4/for_hire_operations_associate_lead_generation/,[FOR HIRE] Operations Associate | Lead Generation | Research & Administrative Support,/u/Brief-Access-7513,Reddit r/forhire,https://www.reddit.com/r/forhire/comments/1vnaxi4/for_hire_operations_associate_lead_generation/,https://www.reddit.com/user/Brief-Access-7513,2026-08-13T13:36:02Z,Today,Free (No Fees),,
Reddit r/forhire - https://www.reddit.com/r/forhire/comments/1vn9n9x/for_hirecustom_youtube_shorts_for_your_brand_or/,[For Hire]Custom YouTube Shorts For Your Brand or Business,/u/Collegenegro,Reddit r/forhire,https://www.reddit.com/r/forhire/comments/1vn9n9x/for_hirecustom_youtube_shorts_for_your_brand_or/,https://www.reddit.com/user/Collegenegro,2026-08-13T12:42:39Z,Today,Free (No Fees),,
Reddit r/forhire - https://www.reddit.com/r/forhire/comments/1vn6p6r/for_hire_i_paint_your_pets_as_people_and_much_more/,"[For Hire] I paint your pets as people, and much more!",/u/oilmasterC,Reddit r/forhire,https://www.reddit.com/r/forhire/comments/1vn6p6r/for_hire_i_paint_your_pets_as_people_and_much_more/,https://www.reddit.com/user/oilmasterC,2026-08-13T10:15:28Z,Today,Free (No Fees),,
Reddit r/forhire - https://www.reddit.com/r/forhire/comments/1vn5vwx/for_hire_experienced_and_versatile_graphic/,"[For Hire] Experienced and Versatile Graphic Designer | Logo Design and Branding, Stream Graphics, Marketing Materials, Web Design and more",/u/JohneryCreatives,Reddit r/forhire,https://www.reddit.com/r/forhire/comments/1vn5vwx/for_hire_experienced_and_versatile_graphic/,https://www.reddit.com/user/JohneryCreatives,2026-08-13T09:28:35Z,Today,Free (No Fees),,
Reddit r/forhire - https://www.reddit.com/r/forhire/comments/1vmtmvz/hiring_brand_designer_and_photoshop_artist/,[HIRING] Brand Designer and Photoshop Artist,/u/Gold_Rush5129,Reddit r/forhire,https://www.reddit.com/r/forhire/comments/1vmtmvz/hiring_brand_designer_and_photoshop_artist/,https://www.reddit.com/user/Gold_Rush5129,2026-08-12T23:05:48Z,Today,Free (No Fees),,
Reddit r/forhire - https://www.reddit.com/r/forhire/comments/1vn3qok/for_hire_facebook_ads_manager_20x_roas_case/,[For Hire] Facebook Ads Manager | 20x ROAS Case Studies,/u/EnvironmentalSlip136,Reddit r/forhire,https://www.reddit.com/r/forhire/comments/1vn3qok/for_hire_facebook_ads_manager_20x_roas_case/,https://www.reddit.com/user/EnvironmentalSlip136,2026-08-13T07:21:07Z,Today,Free (No Fees),,
Reddit r/forhire - https://www.reddit.com/r/forhire/comments/1vmtsyc/hiring_after_effects_vfxcompositing_artist_for/,[Hiring] After Effects VFX/Compositing Artist for Short Film,/u/Still-Meal-8503,Reddit r/forhire,https://www.reddit.com/r/forhire/comments/1vmtsyc/hiring_after_effects_vfxcompositing_artist_for/,https://www.reddit.com/user/Still-Meal-8503,2026-08-12T23:12:54Z,Today,Free (No Fees),,
Reddit r/forhire - https://www.reddit.com/r/forhire/comments/1vmxgco/for_hire_experienced_academic_tutor/,[FOR HIRE] EXPERIENCED ACADEMIC TUTOR,/u/ExpertCloudcroft,Reddit r/forhire,https://www.reddit.com/r/forhire/comments/1vmxgco/for_hire_experienced_academic_tutor/,https://www.reddit.com/user/ExpertCloudcroft,2026-08-13T01:53:22Z,Today,Free (No Fees),,
Reddit r/forhire - https://www.reddit.com/r/forhire/comments/1vmw5am/hiring_highticket_closer_sales_rep_base_salary/,[Hiring] High-Ticket Closer / Sales Rep — Base Salary ($15/hr) + 40% Commission Split.,/u/Divyanshu_8,Reddit r/forhire,https://www.reddit.com/r/forhire/comments/1vmw5am/hiring_highticket_closer_sales_rep_base_salary/,https://www.reddit.com/user/Divyanshu_8,2026-08-13T00:54:30Z,Today,Free (No Fees),,
Reddit r/devjobs - https://www.reddit.com/r/devjobs/comments/1vnc66l/for_hire_fullstack_developer_python_laravel/,"[for hire] Full-Stack Developer | Python, Laravel, Automation, AI, Web Apps, Complete Website Services",/u/rwsvitu,Reddit r/devjobs,https://www.reddit.com/r/devjobs/comments/1vnc66l/for_hire_fullstack_developer_python_laravel/,https://www.reddit.com/user/rwsvitu,2026-08-13T14:23:53Z,Today,Free (No Fees),,
Reddit r/devjobs - https://www.reddit.com/r/devjobs/comments/1vnavzp/for_hire_fullstack_reactnodejs/,FOR HIRE] Full-Stack React/Node.js MongoDB/Supabase/MySQL Developer (MERN),/u/Mundane_Oil6342,Reddit r/devjobs,https://www.reddit.com/r/devjobs/comments/1vnavzp/for_hire_fullstack_reactnodejs/,https://www.reddit.com/user/Mundane_Oil6342,2026-08-13T13:34:17Z,Today,Free (No Fees),,
Reddit r/devjobs - https://www.reddit.com/r/devjobs/comments/1vn5pjg/hiring_remote_reactnodejs_developers_3k4kmo/,[HIRING] Remote React/Node.js Developers ($3k–4k/mo) & Virtual Assistants (Up to $1k/mo),/u/Background_Past2415,Reddit r/devjobs,https://www.reddit.com/r/devjobs/comments/1vn5pjg/hiring_remote_reactnodejs_developers_3k4kmo/,https://www.reddit.com/user/Background_Past2415,2026-08-13T09:17:44Z,Today,Free (No Fees),,
Reddit r/devjobs - https://www.reddit.com/r/devjobs/comments/1vmrebk/recent_c3_ai_forward_deployed_engineer_interview/,Recent C3 AI Forward Deployed Engineer interview experience — coding + technical design?,/u/Medium_Club4639,Reddit r/devjobs,https://www.reddit.com/r/devjobs/comments/1vmrebk/recent_c3_ai_forward_deployed_engineer_interview/,https://www.reddit.com/user/Medium_Club4639,2026-08-12T21:35:11Z,Today,Free (No Fees),,
Reddit r/forhire - https://www.reddit.com/r/forhire/comments/1vngutw/for_hireim_an_software_engineering_student_based/,[For Hire]I'm an software engineering student based in india,/u/United-Barber-6497,Reddit r/forhire,https://www.reddit.com/r/forhire/comments/1vngutw/for_hireim_an_software_engineering_student_based/,https://www.reddit.com/user/United-Barber-6497,2026-08-13T17:12:41Z,Today,Free (No Fees),,
Reddit r/sideproject - https://www.reddit.com/r/SideProject/comments/1vmwq8s/i_built_a_chrome_extension_that_reverseengineers/,I built a Chrome extension that reverse-engineers how YouTube videos are edited,/u/Leather-Arachnid-510,Reddit r/sideproject,https://www.reddit.com/r/SideProject/comments/1vmwq8s/i_built_a_chrome_extension_that_reverseengineers/,https://www.reddit.com/user/Leather-Arachnid-510,2026-08-13T01:20:08Z,Today,Free (No Fees),,
Reddit r/sideproject - https://www.reddit.com/r/SideProject/comments/1vna1eh/my_side_project_just_became_our_full_time/,My side project just became our full time business. It started with my info getting sold to a dozen lenders.,/u/albat14,Reddit r/sideproject,https://www.reddit.com/r/SideProject/comments/1vna1eh/my_side_project_just_became_our_full_time/,https://www.reddit.com/user/albat14,2026-08-13T12:59:49Z,Today,Free (No Fees),,
Reddit r/sideproject - https://www.reddit.com/r/SideProject/comments/1vn959d/a_poster_i_tried_to_create_for_my_nonprofit_web/,A poster I tried to create for my non-profit web game project,/u/squid4046,Reddit r/sideproject,https://www.reddit.com/r/SideProject/comments/1vn959d/a_poster_i_tried_to_create_for_my_nonprofit_web/,https://www.reddit.com/user/squid4046,2026-08-13T12:20:18Z,Today,Free (No Fees),,
Reddit r/sideproject - https://www.reddit.com/r/SideProject/comments/1vna9wg/how_are_you_marketing_your_saas_to_get_paying/,How are you marketing your SaaS to get paying customers?,/u/shayannadeem321,Reddit r/sideproject,https://www.reddit.com/r/SideProject/comments/1vna9wg/how_are_you_marketing_your_saas_to_get_paying/,https://www.reddit.com/user/shayannadeem321,2026-08-13T13:09:34Z,Today,Free (No Fees),,
Reddit r/sideproject - https://www.reddit.com/r/SideProject/comments/1vn1449/building_something_successful_is_hard/,Building something successful is hard,/u/letsprogramnow,Reddit r/sideproject,https://www.reddit.com/r/SideProject/comments/1vn1449/building_something_successful_is_hard/,https://www.reddit.com/user/letsprogramnow,2026-08-13T04:55:07Z,Today,Free (No Fees),,
Reddit r/sideproject - https://www.reddit.com/r/SideProject/comments/1vn9nit/i_spent_almost_2_years_collecting_and_cataloging/,I spent almost 2 years collecting and cataloging website design inspiration. Now i'm opening up for anyone to explore.,/u/sim04ful,Reddit r/sideproject,https://www.reddit.com/r/SideProject/comments/1vn9nit/i_spent_almost_2_years_collecting_and_cataloging/,https://www.reddit.com/user/sim04ful,2026-08-13T12:42:55Z,Today,Free (No Fees),,
Reddit r/sideproject - https://www.reddit.com/r/SideProject/comments/1vmr7vb/i_turned_my_obsession_with_the_80s_and_90s_into_a/,I turned my obsession with the 80s and 90s into a business,/u/New_Welder_391,Reddit r/sideproject,https://www.reddit.com/r/SideProject/comments/1vmr7vb/i_turned_my_obsession_with_the_80s_and_90s_into_a/,https://www.reddit.com/user/New_Welder_391,2026-08-12T21:28:09Z,Today,Free (No Fees),,
Reddit r/sideproject - https://www.reddit.com/r/SideProject/comments/1vnggdd/i_launched_new_york_times/,I launched New York Times,/u/Broke_Kollege_Kid,Reddit r/sideproject,https://www.reddit.com/r/SideProject/comments/1vnggdd/i_launched_new_york_times/,https://www.reddit.com/user/Broke_Kollege_Kid,2026-08-13T16:58:12Z,Today,Free (No Fees),,
Reddit r/sideproject - https://www.reddit.com/r/SideProject/comments/1vnf78r/my_solo_side_project_just_crossed_6000_signups_on/,"My solo side project just crossed 6,000 signups on the way to 10k. Sharing the real dashboard and the 3 things that actually surprised me",/u/No_Being_2765,Reddit r/sideproject,https://www.reddit.com/r/SideProject/comments/1vnf78r/my_solo_side_project_just_crossed_6000_signups_on/,https://www.reddit.com/user/No_Being_2765,2026-08-13T16:13:07Z,Today,Free (No Fees),,
Reddit r/sideproject - https://www.reddit.com/r/SideProject/comments/1vn8j7r/i_built_an_ai_interviewer_that_drills_into_your/,I built an AI interviewer that drills into your answer instead of moving to the next question,/u/ilebuga,Reddit r/sideproject,https://www.reddit.com/r/SideProject/comments/1vn8j7r/i_built_an_ai_interviewer_that_drills_into_your/,https://www.reddit.com/user/ilebuga,2026-08-13T11:52:06Z,Today,Free (No Fees),,
Reddit r/sideproject - https://www.reddit.com/r/SideProject/comments/1vn4vm6/i_built_this_offline_ios_app_that_lets_user/,I built this offline iOS app that lets user search their photo library using a photo or by taking a photo using camera.,/u/Fantastic-Forever-89,Reddit r/sideproject,https://www.reddit.com/r/SideProject/comments/1vn4vm6/i_built_this_offline_ios_app_that_lets_user/,https://www.reddit.com/user/Fantastic-Forever-89,2026-08-13T08:28:31Z,Today,Free (No Fees),,
Reddit r/sideproject - https://www.reddit.com/r/SideProject/comments/1vnbf38/8_complaints_from_my_wife_8_features_shipped_two/,"8 complaints from my wife, 8 features shipped — two months of building our two-person to-do app",/u/MythPoy,Reddit r/sideproject,https://www.reddit.com/r/SideProject/comments/1vnbf38/8_complaints_from_my_wife_8_features_shipped_two/,https://www.reddit.com/user/MythPoy,2026-08-13T13:55:40Z,Today,Free (No Fees),,
Reddit r/sideproject - https://www.reddit.com/r/SideProject/comments/1vnac1y/built_an_app_to_solve_my_own_flp_chaos_heres_what/,Built an app to solve my own FLP chaos — here’s what it does so far,/u/Expensive-Beach-5429,Reddit r/sideproject,https://www.reddit.com/r/SideProject/comments/1vnac1y/built_an_app_to_solve_my_own_flp_chaos_heres_what/,https://www.reddit.com/user/Expensive-Beach-5429,2026-08-13T13:12:04Z,Today,Free (No Fees),,
Reddit r/sideproject - https://www.reddit.com/r/SideProject/comments/1vnganh/macos_never_shipped_a_real_productivity_hub_so_i/,macOS never shipped a real productivity hub. So I built one. Meet Droppy.,/u/iordv,Reddit r/sideproject,https://www.reddit.com/r/SideProject/comments/1vnganh/macos_never_shipped_a_real_productivity_hub_so_i/,https://www.reddit.com/user/iordv,2026-08-13T16:52:19Z,Today,Free (No Fees),,
Reddit r/sideproject - https://www.reddit.com/r/SideProject/comments/1vng9yp/i_just_shipped_a_social_network_for_saas_founders/,I just shipped a social network for SaaS founders,/u/Living-Current-3103,Reddit r/sideproject,https://www.reddit.com/r/SideProject/comments/1vng9yp/i_just_shipped_a_social_network_for_saas_founders/,https://www.reddit.com/user/Living-Current-3103,2026-08-13T16:51:39Z,Today,Free (No Fees),,
Reddit r/sideproject - https://www.reddit.com/r/SideProject/comments/1vn6brn/retro_tv_emulator_progress/,Retro TV Emulator Progress,/u/RetroTVEmulator,Reddit r/sideproject,https://www.reddit.com/r/SideProject/comments/1vn6brn/retro_tv_emulator_progress/,https://www.reddit.com/user/RetroTVEmulator,2026-08-13T09:54:34Z,Today,Free (No Fees),,
Reddit r/sideproject - https://www.reddit.com/r/SideProject/comments/1vnfml2/i_built_a_step_tracker_that_unlocks_a_mineral/,I built a step tracker that unlocks a mineral collection when you walk,/u/JustGames7,Reddit r/sideproject,https://www.reddit.com/r/SideProject/comments/1vnfml2/i_built_a_step_tracker_that_unlocks_a_mineral/,https://www.reddit.com/user/JustGames7,2026-08-13T16:28:22Z,Today,Free (No Fees),,
Reddit r/sideproject - https://www.reddit.com/r/SideProject/comments/1vnetqx/people_run_4_ai_assistants_and_zero_systems_to/,People run 4 AI assistants and zero systems to manage them - so we built the all-in-one (PH launch Aug 23),/u/Ok_Negotiation_2587,Reddit r/sideproject,https://www.reddit.com/r/SideProject/comments/1vnetqx/people_run_4_ai_assistants_and_zero_systems_to/,https://www.reddit.com/user/Ok_Negotiation_2587,2026-08-13T16:00:27Z,Today,Free (No Fees),,
Reddit r/sideproject - https://www.reddit.com/r/SideProject/comments/1vn8wiu/i_built_a_tool_that_turns_drone_photos_into_3d/,I built a tool that turns drone photos into 3D models for solar site surveys,/u/Yunuyunuyun,Reddit r/sideproject,https://www.reddit.com/r/SideProject/comments/1vn8wiu/i_built_a_tool_that_turns_drone_photos_into_3d/,https://www.reddit.com/user/Yunuyunuyun,2026-08-13T12:08:59Z,Today,Free (No Fees),,
Reddit r/sideproject - https://www.reddit.com/r/SideProject/comments/1vn4ppw/canvas_browser_beta/,Canvas browser (beta),/u/ChickenNatural7629,Reddit r/sideproject,https://www.reddit.com/r/SideProject/comments/1vn4ppw/canvas_browser_beta/,https://www.reddit.com/user/ChickenNatural7629,2026-08-13T08:18:45Z,Today,Free (No Fees),,
Reddit r/sideproject - https://www.reddit.com/r/SideProject/comments/1vna925/ive_updated_easingpoint_and_created_five_game/,I’ve updated Easing-Point and created five game demos for it.,/u/Curious_Trade3532,Reddit r/sideproject,https://www.reddit.com/r/SideProject/comments/1vna925/ive_updated_easingpoint_and_created_five_game/,https://www.reddit.com/user/Curious_Trade3532,2026-08-13T13:08:34Z,Today,Free (No Fees),,
Reddit r/sideproject - https://www.reddit.com/r/SideProject/comments/1vn4ulx/i_built_a_simple_app_that_translates_restaurant/,I built a simple app that translates restaurant menus and makes them searchable in multiple languages,/u/mlepisto,Reddit r/sideproject,https://www.reddit.com/r/SideProject/comments/1vn4ulx/i_built_a_simple_app_that_translates_restaurant/,https://www.reddit.com/user/mlepisto,2026-08-13T08:26:47Z,Today,Free (No Fees),,
Reddit r/sideproject - https://www.reddit.com/r/SideProject/comments/1vn9v7u/i_got_tired_of_losing_my_sql_queries_in_slack_so/,"I got tired of losing my SQL queries in Slack, so I built an ""Anti-GitHub"" snippet manager.",/u/LiveAd7325,Reddit r/sideproject,https://www.reddit.com/r/SideProject/comments/1vn9v7u/i_got_tired_of_losing_my_sql_queries_in_slack_so/,https://www.reddit.com/user/LiveAd7325,2026-08-13T12:52:15Z,Today,Free (No Fees),,
Reddit r/forhire - https://www.reddit.com/r/forhire/comments/1vngzv1/for_hire_launch_films_for_saas_6075s_600_normally/,"[FOR HIRE] Launch films for SaaS - 60-75s, $600 (normally $1k), 1 week turnaround",/u/Various-Affect4841,Reddit r/forhire,https://www.reddit.com/r/forhire/comments/1vngzv1/for_hire_launch_films_for_saas_6075s_600_normally/,https://www.reddit.com/user/Various-Affect4841,2026-08-13T17:17:40Z,Today,Free (No Fees),,
Reddit r/smallbusiness - https://www.reddit.com/r/smallbusiness/comments/1vngg41/bought_a_50_year_old_boomer_business_in_june/,Bought a 50 year old boomer business in June. Turned out even better than advertised. Anyone else?,/u/Drewski_120,Reddit r/smallbusiness,https://www.reddit.com/r/smallbusiness/comments/1vngg41/bought_a_50_year_old_boomer_business_in_june/,https://www.reddit.com/user/Drewski_120,2026-08-13T16:57:58Z,Today,Free (No Fees),,
Reddit r/smallbusiness - https://www.reddit.com/r/smallbusiness/comments/1vn9ktj/68_of_us_google_searches_now_end_without_a_single/,"68% of US Google searches now end without a single click. If your business depends on being found online, the math changed.",/u/umur957,Reddit r/smallbusiness,https://www.reddit.com/r/smallbusiness/comments/1vn9ktj/68_of_us_google_searches_now_end_without_a_single/,https://www.reddit.com/user/umur957,2026-08-13T12:39:49Z,Today,Free (No Fees),,
Reddit r/smallbusiness - https://www.reddit.com/r/smallbusiness/comments/1vn067f/someone_left_a_detailed_3star_google_review_for/,Someone left a detailed 3-star Google review for an interaction that never happened — Is it possible to get it removed?,/u/finalcut67,Reddit r/smallbusiness,https://www.reddit.com/r/smallbusiness/comments/1vn067f/someone_left_a_detailed_3star_google_review_for/,https://www.reddit.com/user/finalcut67,2026-08-13T04:05:23Z,Today,Free (No Fees),,
Reddit r/smallbusiness - https://www.reddit.com/r/smallbusiness/comments/1vng6l3/cottage_food_small_business_owners_is_it_worth_it/,Cottage food small business owners - is it worth it for a side hustle?,/u/Thin-Cucumber9754,Reddit r/smallbusiness,https://www.reddit.com/r/smallbusiness/comments/1vng6l3/cottage_food_small_business_owners_is_it_worth_it/,https://www.reddit.com/user/Thin-Cucumber9754,2026-08-13T16:48:13Z,Today,Free (No Fees),,
Reddit r/smallbusiness - https://www.reddit.com/r/smallbusiness/comments/1vn9kac/how_do_you_guys_deal_with_leads_that_dont_buy/,How do you guys deal with leads that dont buy immediately?,/u/LeviSennin,Reddit r/smallbusiness,https://www.reddit.com/r/smallbusiness/comments/1vn9kac/how_do_you_guys_deal_with_leads_that_dont_buy/,https://www.reddit.com/user/LeviSennin,2026-08-13T12:39:11Z,Today,Free (No Fees),,
Reddit r/smallbusiness - https://www.reddit.com/r/smallbusiness/comments/1vna9sa/about_to_open_a_retail_geeky_pop_culture_shop/,"About to open a retail, geeky pop culture shop. What POS system to use?",/u/ZombieHag,Reddit r/smallbusiness,https://www.reddit.com/r/smallbusiness/comments/1vna9sa/about_to_open_a_retail_geeky_pop_culture_shop/,https://www.reddit.com/user/ZombieHag,2026-08-13T13:09:26Z,Today,Free (No Fees),,
Reddit r/smallbusiness - https://www.reddit.com/r/smallbusiness/comments/1vna5wg/liquid_capital_for_landscape_design_company/,Liquid capital for landscape design company,/u/thazmaniandevil,Reddit r/smallbusiness,https://www.reddit.com/r/smallbusiness/comments/1vna5wg/liquid_capital_for_landscape_design_company/,https://www.reddit.com/user/thazmaniandevil,2026-08-13T13:04:54Z,Today,Free (No Fees),,
Reddit r/smallbusiness - https://www.reddit.com/r/smallbusiness/comments/1vn9vse/has_offering_customer_financepayment_plans/,Has offering customer finance/payment plans actually increased your sales?,/u/RhianPPC,Reddit r/smallbusiness,https://www.reddit.com/r/smallbusiness/comments/1vn9vse/has_offering_customer_financepayment_plans/,https://www.reddit.com/user/RhianPPC,2026-08-13T12:52:57Z,Today,Free (No Fees),,
Reddit r/smallbusiness - https://www.reddit.com/r/smallbusiness/comments/1vmz20j/landlord_wont_renew_unless_i_sign_a_fiveyear/,Landlord won't renew unless I sign a five-year lease. Four years in and I still can't tell if committing is brave or stupid.,/u/Aadi--1124,Reddit r/smallbusiness,https://www.reddit.com/r/smallbusiness/comments/1vmz20j/landlord_wont_renew_unless_i_sign_a_fiveyear/,https://www.reddit.com/user/Aadi--1124,2026-08-13T03:09:45Z,Today,Free (No Fees),,
Reddit r/smallbusiness - https://www.reddit.com/r/smallbusiness/comments/1vn2w5q/pitch_suggestions_anyone/,Pitch suggestions anyone?,/u/AssignmentEastern347,Reddit r/smallbusiness,https://www.reddit.com/r/smallbusiness/comments/1vn2w5q/pitch_suggestions_anyone/,https://www.reddit.com/user/AssignmentEastern347,2026-08-13T06:32:40Z,Today,Free (No Fees),,
Reddit r/smallbusiness - https://www.reddit.com/r/smallbusiness/comments/1vnchgw/for_a_small_mobile_service_business_cheap_work/,"For a small mobile service business, cheap work truck or finance a cargo van?",/u/ABQmechanic,Reddit r/smallbusiness,https://www.reddit.com/r/smallbusiness/comments/1vnchgw/for_a_small_mobile_service_business_cheap_work/,https://www.reddit.com/user/ABQmechanic,2026-08-13T14:35:48Z,Today,Free (No Fees),,
Reddit r/smallbusiness - https://www.reddit.com/r/smallbusiness/comments/1vncg4n/how_do_you_handle_inventory_with_damaged_packaging/,How do you handle inventory with damaged packaging?,/u/FluidBit1952,Reddit r/smallbusiness,https://www.reddit.com/r/smallbusiness/comments/1vncg4n/how_do_you_handle_inventory_with_damaged_packaging/,https://www.reddit.com/user/FluidBit1952,2026-08-13T14:34:20Z,Today,Free (No Fees),,
Reddit r/smallbusiness - https://www.reddit.com/r/smallbusiness/comments/1vngn96/took_over_a_business_from_previous_owners_with/,Took over a business from previous owners with bad Google reviews,/u/-iAzrael-,Reddit r/smallbusiness,https://www.reddit.com/r/smallbusiness/comments/1vngn96/took_over_a_business_from_previous_owners_with/,https://www.reddit.com/user/-iAzrael-,2026-08-13T17:05:03Z,Today,Free (No Fees),,
Reddit r/smallbusiness - https://www.reddit.com/r/smallbusiness/comments/1vngmsl/solo_dev_building_a_fitness_app_as_my_graduation/,"Solo dev, building a fitness app as my graduation project — now trying to get real users before launch",/u/KarenTookMyKids69,Reddit r/smallbusiness,https://www.reddit.com/r/smallbusiness/comments/1vngmsl/solo_dev_building_a_fitness_app_as_my_graduation/,https://www.reddit.com/user/KarenTookMyKids69,2026-08-13T17:04:36Z,Today,Free (No Fees),,
Reddit r/smallbusiness - https://www.reddit.com/r/smallbusiness/comments/1vngapk/whats_one_piece_of_software_you_use_every_day_in/,What’s one piece of software you use every day in a small business that you think could be much smarter?,/u/Straight-Site-8030,Reddit r/smallbusiness,https://www.reddit.com/r/smallbusiness/comments/1vngapk/whats_one_piece_of_software_you_use_every_day_in/,https://www.reddit.com/user/Straight-Site-8030,2026-08-13T16:52:22Z,Today,Free (No Fees),,
Reddit r/smallbusiness - https://www.reddit.com/r/smallbusiness/comments/1vng1ek/what_way_have_you_tried_to_promote_your_small/,What way have you tried to promote your small website successfully?,/u/preparedpaths_OT,Reddit r/smallbusiness,https://www.reddit.com/r/smallbusiness/comments/1vng1ek/what_way_have_you_tried_to_promote_your_small/,https://www.reddit.com/user/preparedpaths_OT,2026-08-13T16:43:02Z,Today,Free (No Fees),,
Reddit r/smallbusiness - https://www.reddit.com/r/smallbusiness/comments/1vnfk5h/trying_to_get_distribution_for_my_card_shop_any/,Trying to get distribution for my card shop any help?,/u/Carter_yep,Reddit r/smallbusiness,https://www.reddit.com/r/smallbusiness/comments/1vnfk5h/trying_to_get_distribution_for_my_card_shop_any/,https://www.reddit.com/user/Carter_yep,2026-08-13T16:25:54Z,Today,Free (No Fees),,
Reddit r/smallbusiness - https://www.reddit.com/r/smallbusiness/comments/1vnfiwv/can_ai_look_at_the_real_world_and_spot_business/,Can AI look at the real world and spot business opportunities?,/u/Dense-Ad-8885,Reddit r/smallbusiness,https://www.reddit.com/r/smallbusiness/comments/1vnfiwv/can_ai_look_at_the_real_world_and_spot_business/,https://www.reddit.com/user/Dense-Ad-8885,2026-08-13T16:24:39Z,Today,Free (No Fees),,
Reddit r/smallbusiness - https://www.reddit.com/r/smallbusiness/comments/1vnf9rk/b2b_marketing_to_restaurant_owners/,B2B marketing to restaurant owners,/u/strawberrysunday00,Reddit r/smallbusiness,https://www.reddit.com/r/smallbusiness/comments/1vnf9rk/b2b_marketing_to_restaurant_owners/,https://www.reddit.com/user/strawberrysunday00,2026-08-13T16:15:38Z,Today,Free (No Fees),,
Reddit r/smallbusiness - https://www.reddit.com/r/smallbusiness/comments/1vnf8o3/bank_account_closed/,Bank account closed,/u/Ambitious_Midnight55,Reddit r/smallbusiness,https://www.reddit.com/r/smallbusiness/comments/1vnf8o3/bank_account_closed/,https://www.reddit.com/user/Ambitious_Midnight55,2026-08-13T16:14:33Z,Today,Free (No Fees),,
Reddit r/smallbusiness - https://www.reddit.com/r/smallbusiness/comments/1vnf6p7/removed_by_reddit/,[ Removed by Reddit ],/u/belavel,Reddit r/smallbusiness,https://www.reddit.com/r/smallbusiness/comments/1vnf6p7/removed_by_reddit/,https://www.reddit.com/user/belavel,2026-08-13T16:12:37Z,Today,Free (No Fees),,
Reddit r/smallbusiness - https://www.reddit.com/r/smallbusiness/comments/1vnf4cw/quick_correction_to_my_restaurant_electrical_post/,Quick correction to my restaurant electrical post,/u/Muted-Requirement794,Reddit r/smallbusiness,https://www.reddit.com/r/smallbusiness/comments/1vnf4cw/quick_correction_to_my_restaurant_electrical_post/,https://www.reddit.com/user/Muted-Requirement794,2026-08-13T16:10:25Z,Today,Free (No Fees),,
Reddit r/smallbusiness - https://www.reddit.com/r/smallbusiness/comments/1vn6db4/when_is_a_good_time_to_start_buying_businesses/,When is a good time to start buying businesses?,/u/Typical-Language-101,Reddit r/smallbusiness,https://www.reddit.com/r/smallbusiness/comments/1vn6db4/when_is_a_good_time_to_start_buying_businesses/,https://www.reddit.com/user/Typical-Language-101,2026-08-13T09:57:01Z,Today,Free (No Fees),,
Reddit r/forhire - https://www.reddit.com/r/forhire/comments/1vnhe5k/hiring_remote_job_tiktok_clippers_no_experience/,[Hiring] Remote Job | TikTok Clippers | No experience required | Long-term,/u/Paradokkusu,Reddit r/forhire,https://www.reddit.com/r/forhire/comments/1vnhe5k/hiring_remote_job_tiktok_clippers_no_experience/,https://www.reddit.com/user/Paradokkusu,2026-08-13T17:31:27Z,Today,Free (No Fees),,
Reddit r/forhire - https://www.reddit.com/r/forhire/comments/1vnig53/hvac_design_engineer_for_hire/,[HVAC DESIGN ENGINEER] [for hire],/u/Drnpror,Reddit r/forhire,https://www.reddit.com/r/forhire/comments/1vnig53/hvac_design_engineer_for_hire/,https://www.reddit.com/user/Drnpror,2026-08-13T18:08:20Z,Today,Free (No Fees),,
Reddit r/webdev - https://www.reddit.com/r/webdev/comments/1vn770o/how_would_you_design_analytics_for_360k1m_event/,"How would you design analytics for 360k–1M event records: Firestore, Redis, or precomputed aggregates?",/u/Successful-Life8510,Reddit r/webdev,https://www.reddit.com/r/webdev/comments/1vn770o/how_would_you_design_analytics_for_360k1m_event/,https://www.reddit.com/user/Successful-Life8510,2026-08-13T10:43:07Z,Today,Free (No Fees),,
Reddit r/webdev - https://www.reddit.com/r/webdev/comments/1vmvyy8/prohuman_developer_resources/,Pro-human developer resources,/u/Fearless_Medicine_23,Reddit r/webdev,https://www.reddit.com/r/webdev/comments/1vmvyy8/prohuman_developer_resources/,https://www.reddit.com/user/Fearless_Medicine_23,2026-08-13T00:46:52Z,Today,Free (No Fees),,
Reddit r/webdev - https://www.reddit.com/r/webdev/comments/1vnj5tj/if_ad_blockers_keep_losing_is_the_browser_still/,"If ad blockers keep losing, is the browser still user-controlled software?",/u/Few-Garlic2725,Reddit r/webdev,https://www.reddit.com/r/webdev/comments/1vnj5tj/if_ad_blockers_keep_losing_is_the_browser_still/,https://www.reddit.com/user/Few-Garlic2725,2026-08-13T18:33:04Z,Today,Free (No Fees),,
Reddit r/webdev - https://www.reddit.com/r/webdev/comments/1vnaba0/whats_the_cleanest_way_to_parse_json_from_a_rest/,Whats the cleanest way to parse json from a rest api response in python?,/u/Melbot_Studios,Reddit r/webdev,https://www.reddit.com/r/webdev/comments/1vnaba0/whats_the_cleanest_way_to_parse_json_from_a_rest/,https://www.reddit.com/user/Melbot_Studios,2026-08-13T13:11:10Z,Today,Free (No Fees),,
Reddit r/webdev - https://www.reddit.com/r/webdev/comments/1vmuwfj/what_are_they_using_to_make_this_site/,what are they using to make this site,/u/13-months,Reddit r/webdev,https://www.reddit.com/r/webdev/comments/1vmuwfj/what_are_they_using_to_make_this_site/,https://www.reddit.com/user/13-months,2026-08-13T00:00:23Z,Today,Free (No Fees),,
Reddit r/webdev - https://www.reddit.com/r/webdev/comments/1vmwo4e/what_happened_to_envato_and_codecanyon/,What happened to Envato and CodeCanyon?,/u/irfanhabib,Reddit r/webdev,https://www.reddit.com/r/webdev/comments/1vmwo4e/what_happened_to_envato_and_codecanyon/,https://www.reddit.com/user/irfanhabib,2026-08-13T01:17:24Z,Today,Free (No Fees),,
Reddit r/webdeveloperjobs - https://www.reddit.com/r/WebDeveloperJobs/comments/1vne97o/hiring_generalist_developer_axius/,Hiring: Generalist Developer | Axius 🇺🇸,/u/Typical_Beyond_5774,Reddit r/webdeveloperjobs,https://www.reddit.com/r/WebDeveloperJobs/comments/1vne97o/hiring_generalist_developer_axius/,https://www.reddit.com/user/Typical_Beyond_5774,2026-08-13T15:39:54Z,Today,Free (No Fees),,
Reddit r/webdeveloperjobs - https://www.reddit.com/r/WebDeveloperJobs/comments/1vn0qdu/hiring_developers_20_positions_open/,Hiring Developers 20 positions open,/u/Special_Board_1516,Reddit r/webdeveloperjobs,https://www.reddit.com/r/WebDeveloperJobs/comments/1vn0qdu/hiring_developers_20_positions_open/,https://www.reddit.com/user/Special_Board_1516,2026-08-13T04:34:48Z,Today,Free (No Fees),,
Reddit r/webdeveloperjobs - https://www.reddit.com/r/WebDeveloperJobs/comments/1vnf6tj/for_hire_software_qa_testing_services/,[For Hire] Software QA Testing Services,/u/Azr1m-_-,Reddit r/webdeveloperjobs,https://www.reddit.com/r/WebDeveloperJobs/comments/1vnf6tj/for_hire_software_qa_testing_services/,https://www.reddit.com/user/Azr1m-_-,2026-08-13T16:12:44Z,Today,Free (No Fees),,
Reddit r/webdeveloperjobs - https://www.reddit.com/r/WebDeveloperJobs/comments/1vneheb/for_hire_fullstack_developer_helping_businesses/,[For Hire] Full-stack developer helping businesses build websites (Available immediately),/u/reborn-20,Reddit r/webdeveloperjobs,https://www.reddit.com/r/WebDeveloperJobs/comments/1vneheb/for_hire_fullstack_developer_helping_businesses/,https://www.reddit.com/user/reborn-20,2026-08-13T15:48:10Z,Today,Free (No Fees),,
Reddit r/webdeveloperjobs - https://www.reddit.com/r/WebDeveloperJobs/comments/1vndu3s/for_hire_im_a_web_developer_wordpress_woocommerce/,"[FOR HIRE] I'm a Web Developer - WordPress, WooCommerce & Shopify - $20/hr",/u/kalsorop,Reddit r/webdeveloperjobs,https://www.reddit.com/r/WebDeveloperJobs/comments/1vndu3s/for_hire_im_a_web_developer_wordpress_woocommerce/,https://www.reddit.com/user/kalsorop,2026-08-13T15:24:59Z,Today,Free (No Fees),,
Reddit r/webdeveloperjobs - https://www.reddit.com/r/WebDeveloperJobs/comments/1vn65d5/for_hire_web_developer_web_designer/,[FOR HIRE] Web Developer / Web Designer,/u/Choice-Place2308,Reddit r/webdeveloperjobs,https://www.reddit.com/r/WebDeveloperJobs/comments/1vn65d5/for_hire_web_developer_web_designer/,https://www.reddit.com/user/Choice-Place2308,2026-08-13T09:44:04Z,Today,Free (No Fees),,
Reddit r/webdeveloperjobs - https://www.reddit.com/r/WebDeveloperJobs/comments/1vn4nop/for_hire_fullstack_developer_python_laravel/,"[for hire] Full-Stack Developer | Python, Laravel, Automation, AI, Web Apps, Complete Website Services",/u/rwsvitu,Reddit r/webdeveloperjobs,https://www.reddit.com/r/WebDeveloperJobs/comments/1vn4nop/for_hire_fullstack_developer_python_laravel/,https://www.reddit.com/user/rwsvitu,2026-08-13T08:15:37Z,Today,Free (No Fees),,
Reddit r/webdeveloperjobs - https://www.reddit.com/r/WebDeveloperJobs/comments/1vn19fp/for_hire_5k_and_i_will_build_your_saas_for_you_in/,For hire: $5k and I will build your SaaS for you in 2 weeks,/u/NoKnowledge1503,Reddit r/webdeveloperjobs,https://www.reddit.com/r/WebDeveloperJobs/comments/1vn19fp/for_hire_5k_and_i_will_build_your_saas_for_you_in/,https://www.reddit.com/user/NoKnowledge1503,2026-08-13T05:02:46Z,Today,Free (No Fees),,
Reddit r/webdeveloperjobs - https://www.reddit.com/r/WebDeveloperJobs/comments/1vmpc54/for_hire_fullstack_ai_developer_for_modern_web/,For Hire: Full-Stack AI Developer for modern web applications,/u/Direct_Opinion_2423,Reddit r/webdeveloperjobs,https://www.reddit.com/r/WebDeveloperJobs/comments/1vmpc54/for_hire_fullstack_ai_developer_for_modern_web/,https://www.reddit.com/user/Direct_Opinion_2423,2026-08-12T20:16:11Z,Today,Free (No Fees),,
Reddit r/forhire - https://www.reddit.com/r/forhire/comments/1vmm0yt/hiring_100_for_wedding_invite_design_and_website/,[Hiring] $100 for wedding invite design and website creation project,/u/Pills-n-Dreams,Reddit r/forhire,https://www.reddit.com/r/forhire/comments/1vmm0yt/hiring_100_for_wedding_invite_design_and_website/,https://www.reddit.com/user/Pills-n-Dreams,2026-08-12T18:14:49Z,1 day ago,Free (No Fees),,
Reddit r/devjobs - https://www.reddit.com/r/devjobs/comments/1vmmh0g/for_hire_fullstack_developer_nodeexpress_react/,[For Hire] Full-Stack Developer - Node/Express | React | TypeScript | $16-18/hr,/u/Appulino,Reddit r/devjobs,https://www.reddit.com/r/devjobs/comments/1vmmh0g/for_hire_fullstack_developer_nodeexpress_react/,https://www.reddit.com/user/Appulino,2026-08-12T18:30:50Z,1 day ago,Free (No Fees),,
Reddit r/hiring - https://www.reddit.com/r/hiring/comments/1vmixlx/for_hire_build_smart_scalable_secure_solutions/,"[for hire] Build Smart, Scalable, Secure Solutions with me. Web Developer available For Hire. Front-end/Back-end Development",/u/rmxttmgg,Reddit r/hiring,https://www.reddit.com/r/hiring/comments/1vmixlx/for_hire_build_smart_scalable_secure_solutions/,https://www.reddit.com/user/rmxttmgg,2026-08-12T16:25:49Z,1 day ago,Free (No Fees),,
Reddit r/datascience - https://www.reddit.com/r/datascience/comments/1vlzpvt/laid_off_after_45_yrs_at_the_company_as_sr_data/,Laid off after 4.5 yrs at the company as Sr Data scientist. How is the job market ?,/u/dead_n_alive,Reddit r/datascience,https://www.reddit.com/r/datascience/comments/1vlzpvt/laid_off_after_45_yrs_at_the_company_as_sr_data/,https://www.reddit.com/user/dead_n_alive,2026-08-12T01:01:57Z,1 day ago,Free (No Fees),,
Reddit r/devjobs - https://www.reddit.com/r/devjobs/comments/1vm9gt3/app_developer_from_delhi_needed/,App developer from delhi needed,/u/RanatheWirter,Reddit r/devjobs,https://www.reddit.com/r/devjobs/comments/1vm9gt3/app_developer_from_delhi_needed/,https://www.reddit.com/user/RanatheWirter,2026-08-12T09:41:38Z,1 day ago,Free (No Fees),,
Reddit r/devjobs - https://www.reddit.com/r/devjobs/comments/1vlsb9o/looking_for_dotnet_developer_opportunities/,Looking for Dotnet developer opportunities.,/u/Negative_Front_6718,Reddit r/devjobs,https://www.reddit.com/r/devjobs/comments/1vlsb9o/looking_for_dotnet_developer_opportunities/,https://www.reddit.com/user/Negative_Front_6718,2026-08-11T20:02:01Z,1 day ago,Free (No Fees),,
Reddit r/devjobs - https://www.reddit.com/r/devjobs/comments/1vlx1k8/i_build_affordable_websites_web_apps_starting_at/,I build affordable websites & web apps — starting at $50,/u/ilbroscesointerra,Reddit r/devjobs,https://www.reddit.com/r/devjobs/comments/1vlx1k8/i_build_affordable_websites_web_apps_starting_at/,https://www.reddit.com/user/ilbroscesointerra,2026-08-11T23:04:57Z,1 day ago,Free (No Fees),,
Reddit r/devjobs - https://www.reddit.com/r/devjobs/comments/1vltk81/need_a_job/,Need a job,/u/DoubtWorth2035,Reddit r/devjobs,https://www.reddit.com/r/devjobs/comments/1vltk81/need_a_job/,https://www.reddit.com/user/DoubtWorth2035,2026-08-11T20:47:56Z,1 day ago,Free (No Fees),,
Reddit r/devjobs - https://www.reddit.com/r/devjobs/comments/1vlsn8r/for_hire_net_developer_1_year_experience_c_aspnet/,[For Hire] .NET Developer | 1 Year Experience | C# | ASP.NET Core | Angular | SQL Server |,/u/Negative_Front_6718,Reddit r/devjobs,https://www.reddit.com/r/devjobs/comments/1vlsn8r/for_hire_net_developer_1_year_experience_c_aspnet/,https://www.reddit.com/user/Negative_Front_6718,2026-08-11T20:14:31Z,1 day ago,Free (No Fees),,
Reddit r/devjobs - https://www.reddit.com/r/devjobs/comments/1vls91y/looking_for_opportunity/,Looking for Opportunity,/u/SouF-X,Reddit r/devjobs,https://www.reddit.com/r/devjobs/comments/1vls91y/looking_for_opportunity/,https://www.reddit.com/user/SouF-X,2026-08-11T20:00:00Z,1 day ago,Free (No Fees),,
Reddit r/webdev - https://www.reddit.com/r/webdev/comments/1vm2slr/i_thought_senior_dev_roles_are_more_valuable_now/,I thought senior dev roles are more valuable now?,/u/_clapclapclap,Reddit r/webdev,https://www.reddit.com/r/webdev/comments/1vm2slr/i_thought_senior_dev_roles_are_more_valuable_now/,https://www.reddit.com/user/_clapclapclap,2026-08-12T03:26:31Z,1 day ago,Free (No Fees),,
Reddit r/webdev - https://www.reddit.com/r/webdev/comments/1vmb085/do_projects_still_apply_layered_architecture_or/,Do projects still apply layered architecture or just choose a simpler approach?,/u/_jpdm,Reddit r/webdev,https://www.reddit.com/r/webdev/comments/1vmb085/do_projects_still_apply_layered_architecture_or/,https://www.reddit.com/user/_jpdm,2026-08-12T11:04:52Z,1 day ago,Free (No Fees),,
Reddit r/webdev - https://www.reddit.com/r/webdev/comments/1vlxfd6/best_book_about_web_dev_for_someone_who_already/,Best book about web dev for someone who already has some experience under their belt?,/u/iHaveRandomQuesti0ns,Reddit r/webdev,https://www.reddit.com/r/webdev/comments/1vlxfd6/best_book_about_web_dev_for_someone_who_already/,https://www.reddit.com/user/iHaveRandomQuesti0ns,2026-08-11T23:21:04Z,1 day ago,Free (No Fees),,
Reddit r/webdeveloperjobs - https://www.reddit.com/r/WebDeveloperJobs/comments/1vmlxoj/hiring_web_developer_fulltime_40_60hourly/,[Hiring] – Web Developer (Full-Time) $40 – $60/Hourly,/u/Feedinkoo,Reddit r/webdeveloperjobs,https://www.reddit.com/r/WebDeveloperJobs/comments/1vmlxoj/hiring_web_developer_fulltime_40_60hourly/,https://www.reddit.com/user/Feedinkoo,2026-08-12T18:11:32Z,1 day ago,Free (No Fees),,
Reddit r/webdeveloperjobs - https://www.reddit.com/r/WebDeveloperJobs/comments/1vmiw5p/for_hire_build_smart_scalable_secure_solutions/,"[for hire] Build Smart, Scalable, Secure Solutions with me. Web Developer available For Hire. Front-end/Back-end Development",/u/rmxttmgg,Reddit r/webdeveloperjobs,https://www.reddit.com/r/WebDeveloperJobs/comments/1vmiw5p/for_hire_build_smart_scalable_secure_solutions/,https://www.reddit.com/user/rmxttmgg,2026-08-12T16:24:21Z,1 day ago,Free (No Fees),,
Reddit r/webdeveloperjobs - https://www.reddit.com/r/WebDeveloperJobs/comments/1vm5uh3/for_hire_frontend_design_engineer_react/,"[FOR HIRE] Frontend / Design Engineer — React, TypeScript, Design Systems, Open Source | 3+ Years Experience",/u/Green-Spinach2061,Reddit r/webdeveloperjobs,https://www.reddit.com/r/WebDeveloperJobs/comments/1vm5uh3/for_hire_frontend_design_engineer_react/,https://www.reddit.com/user/Green-Spinach2061,2026-08-12T06:08:10Z,1 day ago,Free (No Fees),,
Reddit r/webdeveloperjobs - https://www.reddit.com/r/WebDeveloperJobs/comments/1vm1tmk/for_hire_im_available_web_designerdeveloper/,"[for hire] I'm available: Web Designer/Developer. Wordpress, eCommerce and more. Complete website package and launch help. Can start fast/Remote.",/u/AGENT_1611,Reddit r/webdeveloperjobs,https://www.reddit.com/r/WebDeveloperJobs/comments/1vm1tmk/for_hire_im_available_web_designerdeveloper/,https://www.reddit.com/user/AGENT_1611,2026-08-12T02:39:11Z,1 day ago,Free (No Fees),,
Reddit r/webdeveloperjobs - https://www.reddit.com/r/WebDeveloperJobs/comments/1vlxoaa/for_hire_full_stack_web3_developer_ai_agents/,"[FOR HIRE] Full Stack / Web3 Developer — AI Agents, Trading Systems, DeFi & SaaS",/u/Dendrla2202,Reddit r/webdeveloperjobs,https://www.reddit.com/r/WebDeveloperJobs/comments/1vlxoaa/for_hire_full_stack_web3_developer_ai_agents/,https://www.reddit.com/user/Dendrla2202,2026-08-11T23:31:57Z,1 day ago,Free (No Fees),,
Reddit r/devjobs - https://www.reddit.com/r/devjobs/comments/1vlond2/phplaravel_backend_developer_looking_for_remote/,PHP/Laravel Backend Developer looking for remote opportunities,/u/Fazleyrabbiii,Reddit r/devjobs,https://www.reddit.com/r/devjobs/comments/1vlond2/phplaravel_backend_developer_looking_for_remote/,https://www.reddit.com/user/Fazleyrabbiii,2026-08-11T17:51:19Z,2 days ago,Free (No Fees),,
Reddit r/devjobs - https://www.reddit.com/r/devjobs/comments/1vlklx8/hiring_devops_engineer_cloud_data_platform_japan/,"[Hiring] DevOps Engineer – Cloud & Data Platform | Japan, Tokyo",/u/FunMuted6440,Reddit r/devjobs,https://www.reddit.com/r/devjobs/comments/1vlklx8/hiring_devops_engineer_cloud_data_platform_japan/,https://www.reddit.com/user/FunMuted6440,2026-08-11T15:26:13Z,2 days ago,Free (No Fees),,
Reddit r/devjobs - https://www.reddit.com/r/devjobs/comments/1vln7vi/for_hire/,[For Hire],/u/Diligent-Praline9690,Reddit r/devjobs,https://www.reddit.com/r/devjobs/comments/1vln7vi/for_hire/,https://www.reddit.com/user/Diligent-Praline9690,2026-08-11T17:00:18Z,2 days ago,Free (No Fees),,
Reddit r/devjobs - https://www.reddit.com/r/devjobs/comments/1vlixic/hiring_remote_reactnodejs_developers_3k4kmo/,[HIRING] Remote React/Node.js Developers ($3k–4k/mo) & Virtual Assistants (Up to $1k/mo),/u/Background_Past2415,Reddit r/devjobs,https://www.reddit.com/r/devjobs/comments/1vlixic/hiring_remote_reactnodejs_developers_3k4kmo/,https://www.reddit.com/user/Background_Past2415,2026-08-11T14:25:07Z,2 days ago,Free (No Fees),,
Reddit r/devjobs - https://www.reddit.com/r/devjobs/comments/1vlce5o/for_hire_senior_game_developer_with_11_years/,[FOR HIRE] Senior Game Developer with +11 years experience,/u/AlirezaTarahomi,Reddit r/devjobs,https://www.reddit.com/r/devjobs/comments/1vlce5o/for_hire_senior_game_developer_with_11_years/,https://www.reddit.com/user/AlirezaTarahomi,2026-08-11T09:14:44Z,2 days ago,Free (No Fees),,
Reddit r/devjobs - https://www.reddit.com/r/devjobs/comments/1vlf9pj/for_hire_reacttsnodewebsocketpostgresql_dev/,[For Hire] React/TS/Node/WebSocket/PostgreSQL dev — Available Immediately (Contract | Freelance),/u/dreamer_948,Reddit r/devjobs,https://www.reddit.com/r/devjobs/comments/1vlf9pj/for_hire_reacttsnodewebsocketpostgresql_dev/,https://www.reddit.com/user/dreamer_948,2026-08-11T11:51:57Z,2 days ago,Free (No Fees),,
Reddit r/devjobs - https://www.reddit.com/r/devjobs/comments/1vld878/for_hire_fullstack_developer_python_laravel/,"[for hire] Full-Stack Developer | Python, Laravel, Automation, AI, Web Apps, Complete Website Services",/u/rwsvitu,Reddit r/devjobs,https://www.reddit.com/r/devjobs/comments/1vld878/for_hire_fullstack_developer_python_laravel/,https://www.reddit.com/user/rwsvitu,2026-08-11T10:03:24Z,2 days ago,Free (No Fees),,
Reddit r/devjobs - https://www.reddit.com/r/devjobs/comments/1vlb2hk/anyone_worked_at_codebase_technologies_as_a/,Anyone worked at Codebase Technologies as a Mobile App Developer?,/u/Express-Friend7726,Reddit r/devjobs,https://www.reddit.com/r/devjobs/comments/1vlb2hk/anyone_worked_at_codebase_technologies_as_a/,https://www.reddit.com/user/Express-Friend7726,2026-08-11T07:56:59Z,2 days ago,Free (No Fees),,
Reddit r/devjobs - https://www.reddit.com/r/devjobs/comments/1vl8a1t/can_someone_give_me_a_backend_developer_python/,"Can someone give me a backend developer , python fastapi job ?",/u/Rare-Assignment-8474,Reddit r/devjobs,https://www.reddit.com/r/devjobs/comments/1vl8a1t/can_someone_give_me_a_backend_developer_python/,https://www.reddit.com/user/Rare-Assignment-8474,2026-08-11T05:17:33Z,2 days ago,Free (No Fees),,
Reddit r/devjobs - https://www.reddit.com/r/devjobs/comments/1vl66k9/for_hire_fullstack_developer_pythonnodereact/,[FOR HIRE] Full-Stack Developer | Python/Node/React | Flexible Rates | AVAILABLE NOW,/u/nimish_warghat,Reddit r/devjobs,https://www.reddit.com/r/devjobs/comments/1vl66k9/for_hire_fullstack_developer_pythonnodereact/,https://www.reddit.com/user/nimish_warghat,2026-08-11T03:28:32Z,2 days ago,Free (No Fees),,
Reddit r/devjobs - https://www.reddit.com/r/devjobs/comments/1vkxdy3/for_hire_android_iot_developer_kotlin_esp32/,"[For Hire] Android / IoT Developer (Kotlin, ESP32) looking for part-time or remote work urgently",/u/TryMaximum6752,Reddit r/devjobs,https://www.reddit.com/r/devjobs/comments/1vkxdy3/for_hire_android_iot_developer_kotlin_esp32/,https://www.reddit.com/user/TryMaximum6752,2026-08-10T21:06:43Z,2 days ago,Free (No Fees),,
Reddit r/devjobs - https://www.reddit.com/r/devjobs/comments/1vkuzbp/i_need_help_to_restart/,I need help to restart,/u/Support_n_grow,Reddit r/devjobs,https://www.reddit.com/r/devjobs/comments/1vkuzbp/i_need_help_to_restart/,https://www.reddit.com/user/Support_n_grow,2026-08-10T19:38:11Z,2 days ago,Free (No Fees),,
Reddit r/devjobs - https://www.reddit.com/r/devjobs/comments/1vkzorn/senior_software_engineer_looking_for_my_next/,"Senior Software Engineer looking for my next challenge, preferably one with fewer meetings about meetings 😄",/u/Brightstar1993,Reddit r/devjobs,https://www.reddit.com/r/devjobs/comments/1vkzorn/senior_software_engineer_looking_for_my_next/,https://www.reddit.com/user/Brightstar1993,2026-08-10T22:37:57Z,2 days ago,Free (No Fees),,
Reddit r/webdev - https://www.reddit.com/r/webdev/comments/1vlhbnq/the_internet_is_shit_and_everyone_is_losing_their/,"The internet is shit, and everyone is losing their jobs to AI used by companies racing to make it even more shit. Is it time for us to 'seize the means of production'!?",/u/roamingandy,Reddit r/webdev,https://www.reddit.com/r/webdev/comments/1vlhbnq/the_internet_is_shit_and_everyone_is_losing_their/,https://www.reddit.com/user/roamingandy,2026-08-11T13:21:47Z,2 days ago,Free (No Fees),,
Reddit r/webdeveloperjobs - https://www.reddit.com/r/WebDeveloperJobs/comments/1vlog4h/hiring_web_developer_fulltime_40_60hourly/,[Hiring] – Web Developer (Full-Time) $40 – $60/Hourly,/u/Feedinkoo,Reddit r/webdeveloperjobs,https://www.reddit.com/r/WebDeveloperJobs/comments/1vlog4h/hiring_web_developer_fulltime_40_60hourly/,https://www.reddit.com/user/Feedinkoo,2026-08-11T17:43:58Z,2 days ago,Free (No Fees),,
Reddit r/webdeveloperjobs - https://www.reddit.com/r/WebDeveloperJobs/comments/1vllb4y/for_hire_ill_fix_one_react_or_nextjs_landing_page/,[FOR HIRE] I’ll fix one React or Next.js landing page in 24 hours ($240 fixed),/u/dickowner69,Reddit r/webdeveloperjobs,https://www.reddit.com/r/WebDeveloperJobs/comments/1vllb4y/for_hire_ill_fix_one_react_or_nextjs_landing_page/,https://www.reddit.com/user/dickowner69,2026-08-11T15:51:44Z,2 days ago,Free (No Fees),,
Reddit r/webdeveloperjobs - https://www.reddit.com/r/WebDeveloperJobs/comments/1vlilm8/for_hire_build_your_desired_websiteapp_with_me/,"[for hire] Build your desired website/app with me. For Hire Front-End/Back-End/FullStack Dev. Design, Code, Deploy. Custom, Secure, End to End Solutions. (Remote/Flexible TimeZone)",/u/rmxttmgg,Reddit r/webdeveloperjobs,https://www.reddit.com/r/WebDeveloperJobs/comments/1vlilm8/for_hire_build_your_desired_websiteapp_with_me/,https://www.reddit.com/user/rmxttmgg,2026-08-11T14:12:44Z,2 days ago,Free (No Fees),,
Reddit r/webdeveloperjobs - https://www.reddit.com/r/WebDeveloperJobs/comments/1vlb443/for_hire_fullstack_developer_python_laravel/,"[for hire] Full-Stack Developer | Python, Laravel, Automation, AI, Web Apps, Complete Website Services",/u/rwsvitu,Reddit r/webdeveloperjobs,https://www.reddit.com/r/WebDeveloperJobs/comments/1vlb443/for_hire_fullstack_developer_python_laravel/,https://www.reddit.com/user/rwsvitu,2026-08-11T07:59:45Z,2 days ago,Free (No Fees),,
Reddit r/webdeveloperjobs - https://www.reddit.com/r/WebDeveloperJobs/comments/1vlewty/for_hire_reacttsnodewebsocketpostgresql_dev/,[For Hire] React/TS/Node/WebSocket/PostgreSQL dev — Available Immediately (Contract | Freelance),/u/dreamer_948,Reddit r/webdeveloperjobs,https://www.reddit.com/r/WebDeveloperJobs/comments/1vlewty/for_hire_reacttsnodewebsocketpostgresql_dev/,https://www.reddit.com/user/dreamer_948,2026-08-11T11:33:50Z,2 days ago,Free (No Fees),,
Reddit r/webdeveloperjobs - https://www.reddit.com/r/WebDeveloperJobs/comments/1vleiyh/for_hire_a_developer_who_can_bring_up_systems/,For hire - a developer who can bring up systems,/u/JadedReserve8796,Reddit r/webdeveloperjobs,https://www.reddit.com/r/WebDeveloperJobs/comments/1vleiyh/for_hire_a_developer_who_can_bring_up_systems/,https://www.reddit.com/user/JadedReserve8796,2026-08-11T11:14:21Z,2 days ago,Free (No Fees),,
Reddit r/webdeveloperjobs - https://www.reddit.com/r/WebDeveloperJobs/comments/1vlaeva/for_hire_fullstack_developer_helping_businesses/,[For Hire] Full-stack developer helping businesses build websites,/u/reborn-20,Reddit r/webdeveloperjobs,https://www.reddit.com/r/WebDeveloperJobs/comments/1vlaeva/for_hire_fullstack_developer_helping_businesses/,https://www.reddit.com/user/reborn-20,2026-08-11T07:18:08Z,2 days ago,Free (No Fees),,
Reddit r/webdeveloperjobs - https://www.reddit.com/r/WebDeveloperJobs/comments/1vlb4ln/for_hire_fullstack_developer_python_laravel/,"[for hire] Full-Stack Developer | Python, Laravel, Automation, AI, Web Apps, Complete Website Services",/u/rwsvitu,Reddit r/webdeveloperjobs,https://www.reddit.com/r/WebDeveloperJobs/comments/1vlb4ln/for_hire_fullstack_developer_python_laravel/,https://www.reddit.com/user/rwsvitu,2026-08-11T08:00:27Z,2 days ago,Free (No Fees),,
Reddit r/devjobs - https://www.reddit.com/r/devjobs/comments/1vkmamm/hiring_fractional_cto_lead_developer_senior/,[HIRING] Fractional CTO / Lead Developer — Senior Full-Stack — Project-Based,/u/Putrid-Plenty-8968,Reddit r/devjobs,https://www.reddit.com/r/devjobs/comments/1vkmamm/hiring_fractional_cto_lead_developer_senior/,https://www.reddit.com/user/Putrid-Plenty-8968,2026-08-10T14:23:36Z,3 days ago,Free (No Fees),,
Reddit r/webdeveloperjobs - https://www.reddit.com/r/WebDeveloperJobs/comments/1vkmq10/looking_for_mediorsenior_fullstack_web_developer/,Looking for medior/senior full-stack web developer (32/40 hrs/week) (remote),/u/InnocentPawn84,Reddit r/webdeveloperjobs,https://www.reddit.com/r/WebDeveloperJobs/comments/1vkmq10/looking_for_mediorsenior_fullstack_web_developer/,https://www.reddit.com/user/InnocentPawn84,2026-08-10T14:39:49Z,3 days ago,Free (No Fees),,
Reddit r/webdeveloperjobs - https://www.reddit.com/r/WebDeveloperJobs/comments/1vkpdkk/for_hire_fullstack_developer_helping_businesses/,"[For Hire] Full-stack developer helping businesses build websites, apps & AI-powered tools - $40/hr",/u/DarkSideDroid,Reddit r/webdeveloperjobs,https://www.reddit.com/r/WebDeveloperJobs/comments/1vkpdkk/for_hire_fullstack_developer_helping_businesses/,https://www.reddit.com/user/DarkSideDroid,2026-08-10T16:16:59Z,3 days ago,Free (No Fees),,
Reddit r/datascience - https://www.reddit.com/r/datascience/comments/1vi0c7v/embeddings/,Embeddings,/u/likescroutons,Reddit r/datascience,https://www.reddit.com/r/datascience/comments/1vi0c7v/embeddings/,https://www.reddit.com/user/likescroutons,2026-08-07T13:14:46Z,6 days ago,Free (No Fees),,
Reddit r/datascience - https://www.reddit.com/r/datascience/comments/1vff975/is_a_year_in_a_lesstechnical_but_very/,"Is a year in a 'less-technical' but very client-relationship focused role a hindrance or a help for future DS roles, and who falls through keyword gaps?",/u/JarryBohnson,Reddit r/datascience,https://www.reddit.com/r/datascience/comments/1vff975/is_a_year_in_a_lesstechnical_but_very/,https://www.reddit.com/user/JarryBohnson,2026-08-04T16:27:41Z,9 days ago,Free (No Fees),,
Reddit r/webdev - https://www.reddit.com/r/webdev/comments/1vcliam/monthly_getting_started_web_dev_career_thread/,Monthly Getting Started / Web Dev Career Thread,/u/AutoModerator,Reddit r/webdev,https://www.reddit.com/r/webdev/comments/1vcliam/monthly_getting_started_web_dev_career_thread/,https://www.reddit.com/user/AutoModerator,2026-08-01T12:00:13Z,12 days ago,Free (No Fees),,
Reddit r/workfromhome - https://www.reddit.com/r/workfromhome/comments/1v9crpm/moving_this_sub_to_rwfh/,Moving this sub to r/WFH,/u/krissyface,Reddit r/workfromhome,https://www.reddit.com/r/workfromhome/comments/1v9crpm/moving_this_sub_to_rwfh/,https://www.reddit.com/user/krissyface,2026-07-28T22:04:44Z,15 days ago,Free (No Fees),,
Reddit r/workfromhome - https://www.reddit.com/r/workfromhome/comments/1v9bzy2/need_noise_canceling_headset/,Need noise canceling headset,/u/Quakenurse,Reddit r/workfromhome,https://www.reddit.com/r/workfromhome/comments/1v9bzy2/need_noise_canceling_headset/,https://www.reddit.com/user/Quakenurse,2026-07-28T21:35:50Z,15 days ago,Free (No Fees),,
Reddit r/workfromhome - https://www.reddit.com/r/workfromhome/comments/1v941cr/working_from_a_hospital_waiting_room_today/,working from a hospital waiting room today,/u/General_Chemist8131,Reddit r/workfromhome,https://www.reddit.com/r/workfromhome/comments/1v941cr/working_from_a_hospital_waiting_room_today/,https://www.reddit.com/user/General_Chemist8131,2026-07-28T16:49:35Z,16 days ago,Free (No Fees),,
Reddit r/workfromhome - https://www.reddit.com/r/workfromhome/comments/1v9315b/desks_that_hide_monitors/,Desks that hide monitors,/u/Cocoa_Elf4760,Reddit r/workfromhome,https://www.reddit.com/r/workfromhome/comments/1v9315b/desks_that_hide_monitors/,https://www.reddit.com/user/Cocoa_Elf4760,2026-07-28T16:13:49Z,16 days ago,Free (No Fees),,
Reddit r/workfromhome - https://www.reddit.com/r/workfromhome/comments/1v935xy/need_some_ergonomic_chair_recommendations_for_my/,Need some ergonomic chair recommendations for my WFH setup!,/u/Spells0,Reddit r/workfromhome,https://www.reddit.com/r/workfromhome/comments/1v935xy/need_some_ergonomic_chair_recommendations_for_my/,https://www.reddit.com/user/Spells0,2026-07-28T16:18:29Z,16 days ago,Free (No Fees),,
Reddit r/workfromhome - https://www.reddit.com/r/workfromhome/comments/1v8a2gd/i_was_given_a_tardy_point_when_i_was_technically/,I was given a Tardy Point when I was technically not late.,/u/ReceptionEuphoric823,Reddit r/workfromhome,https://www.reddit.com/r/workfromhome/comments/1v8a2gd/i_was_given_a_tardy_point_when_i_was_technically/,https://www.reddit.com/user/ReceptionEuphoric823,2026-07-27T19:12:07Z,16 days ago,Free (No Fees),,
Reddit r/datascience - https://www.reddit.com/r/datascience/comments/1v7qkk0/do_legacy_organizationsgovernment_have_more_ai/,Do Legacy Organizations/Government Have More AI Talent Than AI Problems?,/u/Excellent_Cost170,Reddit r/datascience,https://www.reddit.com/r/datascience/comments/1v7qkk0/do_legacy_organizationsgovernment_have_more_ai/,https://www.reddit.com/user/Excellent_Cost170,2026-07-27T04:53:53Z,17 days ago,Free (No Fees),,
Reddit r/workfromhome - https://www.reddit.com/r/workfromhome/comments/1v7xuum/those_of_you_with_families_do_you_actually_like/,"Those of You With Families, Do You Actually Like Working From Home?",/u/Amanduh009,Reddit r/workfromhome,https://www.reddit.com/r/workfromhome/comments/1v7xuum/those_of_you_with_families_do_you_actually_like/,https://www.reddit.com/user/Amanduh009,2026-07-27T11:38:06Z,17 days ago,Free (No Fees),,
Reddit r/workfromhome - https://www.reddit.com/r/workfromhome/comments/1v7g3xb/how_do_yall_structure_your_day_when_left_mostly/,How do yall structure your day when left mostly to your own devices?,/u/Glum-Worldliness-919,Reddit r/workfromhome,https://www.reddit.com/r/workfromhome/comments/1v7g3xb/how_do_yall_structure_your_day_when_left_mostly/,https://www.reddit.com/user/Glum-Worldliness-919,2026-07-26T21:05:38Z,17 days ago,Free (No Fees),,
Reddit r/workfromhome - https://www.reddit.com/r/workfromhome/comments/1v7nteb/best_desk_lamp_recommendations_for_daily_college/,Best desk lamp recommendations for daily college studying and working?,/u/Fun-Painter2057,Reddit r/workfromhome,https://www.reddit.com/r/workfromhome/comments/1v7nteb/best_desk_lamp_recommendations_for_daily_college/,https://www.reddit.com/user/Fun-Painter2057,2026-07-27T02:37:10Z,17 days ago,Free (No Fees),,
Reddit r/workfromhome - https://www.reddit.com/r/workfromhome/comments/1v7dm8f/listing_adds_200_workfromhome_fee_could_this_be_a/,Listing adds $200 'work-from-home fee' | Could this be a new rental trend?,/u/Ok_Design_6841,Reddit r/workfromhome,https://www.reddit.com/r/workfromhome/comments/1v7dm8f/listing_adds_200_workfromhome_fee_could_this_be_a/,https://www.reddit.com/user/Ok_Design_6841,2026-07-26T19:31:50Z,17 days ago,Free (No Fees),,
Reddit r/workfromhome - https://www.reddit.com/r/workfromhome/comments/1v6j1w5/governor_signs_salisbury_bill_to_allow_remote/,Governor signs Salisbury bill to allow remote work by employees of some state licensed employers,/u/Ok_Design_6841,Reddit r/workfromhome,https://www.reddit.com/r/workfromhome/comments/1v6j1w5/governor_signs_salisbury_bill_to_allow_remote/,https://www.reddit.com/user/Ok_Design_6841,2026-07-25T20:29:26Z,18 days ago,Free (No Fees),,
Reddit r/workfromhome - https://www.reddit.com/r/workfromhome/comments/1v6odkx/my_walking_pad_got_recalled_im_kind_of_wanting_to/,My walking pad got recalled. I'm kind of wanting to get an under-desk bike anyway. Recommendations?,/u/Muhznit,Reddit r/workfromhome,https://www.reddit.com/r/workfromhome/comments/1v6odkx/my_walking_pad_got_recalled_im_kind_of_wanting_to/,https://www.reddit.com/user/Muhznit,2026-07-26T00:16:21Z,18 days ago,Free (No Fees),,
Reddit r/workfromhome - https://www.reddit.com/r/workfromhome/comments/1v6edtm/sharing_my_remote_set_up/,Sharing my remote set up,/u/Advanced_Reputation7,Reddit r/workfromhome,https://www.reddit.com/r/workfromhome/comments/1v6edtm/sharing_my_remote_set_up/,https://www.reddit.com/user/Advanced_Reputation7,2026-07-25T17:28:38Z,19 days ago,Free (No Fees),,
Reddit r/workfromhome - https://www.reddit.com/r/workfromhome/comments/1v68x53/spouses_who_work_from_home_together_what_do_you/,Spouses who work from home together: what do you talk about/how do you connect?,/u/Super_Sair,Reddit r/workfromhome,https://www.reddit.com/r/workfromhome/comments/1v68x53/spouses_who_work_from_home_together_what_do_you/,https://www.reddit.com/user/Super_Sair,2026-07-25T13:49:07Z,19 days ago,Free (No Fees),,
Reddit r/workfromhome - https://www.reddit.com/r/workfromhome/comments/1v60kcs/rate_my_workfromhome_setup_110_what_would_you/,Rate my work-from-home setup (1–10). What would you improve?,/u/Both_Possibility1704,Reddit r/workfromhome,https://www.reddit.com/r/workfromhome/comments/1v60kcs/rate_my_workfromhome_setup_110_what_would_you/,https://www.reddit.com/user/Both_Possibility1704,2026-07-25T06:36:04Z,19 days ago,Free (No Fees),,
Reddit r/workfromhome - https://www.reddit.com/r/workfromhome/comments/1v61hy6/feeling_lazy_to_work/,Feeling lazy to work,/u/Remote-Ride5710,Reddit r/workfromhome,https://www.reddit.com/r/workfromhome/comments/1v61hy6/feeling_lazy_to_work/,https://www.reddit.com/user/Remote-Ride5710,2026-07-25T07:26:01Z,19 days ago,Free (No Fees),,
Reddit r/workfromhome - https://www.reddit.com/r/workfromhome/comments/1v67nfh/title_looking_for_advice_on_a_lowcost/,Title: Looking for advice on a low-cost work-from-home setup. What should I upgrade first?,/u/keylowe_gas,Reddit r/workfromhome,https://www.reddit.com/r/workfromhome/comments/1v67nfh/title_looking_for_advice_on_a_lowcost/,https://www.reddit.com/user/keylowe_gas,2026-07-25T12:54:32Z,19 days ago,Free (No Fees),,
Reddit r/workfromhome - https://www.reddit.com/r/workfromhome/comments/1v5y8qc/help_with_health_and_happiness_while_wfh/,Help with Health and Happiness while WFH,/u/Federal-Ad-2131,Reddit r/workfromhome,https://www.reddit.com/r/workfromhome/comments/1v5y8qc/help_with_health_and_happiness_while_wfh/,https://www.reddit.com/user/Federal-Ad-2131,2026-07-25T04:34:48Z,19 days ago,Free (No Fees),,
Reddit r/workfromhome - https://www.reddit.com/r/workfromhome/comments/1v527y5/remote_workers_what_do_you_do_after_logging_off/,Remote workers: what do you do after logging off to separate work from personal life?,/u/Such_Magician7656,Reddit r/workfromhome,https://www.reddit.com/r/workfromhome/comments/1v527y5/remote_workers_what_do_you_do_after_logging_off/,https://www.reddit.com/user/Such_Magician7656,2026-07-24T05:33:33Z,20 days ago,Free (No Fees),,
Reddit r/workfromhome - https://www.reddit.com/r/workfromhome/comments/1v5aew3/alternatives_for_office_chair_for_desk_work/,Alternatives for office chair for desk work,/u/TroublesomeButch,Reddit r/workfromhome,https://www.reddit.com/r/workfromhome/comments/1v5aew3/alternatives_for_office_chair_for_desk_work/,https://www.reddit.com/user/TroublesomeButch,2026-07-24T12:47:23Z,20 days ago,Free (No Fees),,
Reddit r/workfromhome - https://www.reddit.com/r/workfromhome/comments/1v58neu/remote_working_and_chat/,Remote working and chat,/u/Sharp_Astronomer_822,Reddit r/workfromhome,https://www.reddit.com/r/workfromhome/comments/1v58neu/remote_working_and_chat/,https://www.reddit.com/user/Sharp_Astronomer_822,2026-07-24T11:26:28Z,20 days ago,Free (No Fees),,
Reddit r/workfromhome - https://www.reddit.com/r/workfromhome/comments/1v4vrlu/thank_you_any_additional_help_is_appreciated/,Thank you! Any additional help is appreciated,/u/ilikemynam3,Reddit r/workfromhome,https://www.reddit.com/r/workfromhome/comments/1v4vrlu/thank_you_any_additional_help_is_appreciated/,https://www.reddit.com/user/ilikemynam3,2026-07-24T00:27:57Z,20 days ago,Free (No Fees),,
Reddit r/workfromhome - https://www.reddit.com/r/workfromhome/comments/1v4b22w/step_into_my_office_please/,Step into my office please,/u/Hour-Bee9396,Reddit r/workfromhome,https://www.reddit.com/r/workfromhome/comments/1v4b22w/step_into_my_office_please/,https://www.reddit.com/user/Hour-Bee9396,2026-07-23T11:22:32Z,21 days ago,Free (No Fees),,
Reddit r/workfromhome - https://www.reddit.com/r/workfromhome/comments/1v2x7hx/merging_subs_with_rwfh/,Merging subs with r/WFH,/u/krissyface,Reddit r/workfromhome,https://www.reddit.com/r/workfromhome/comments/1v2x7hx/merging_subs_with_rwfh/,https://www.reddit.com/user/krissyface,2026-07-21T22:19:16Z,22 days ago,Free (No Fees),,
Reddit r/salesjobs - https://www.reddit.com/r/salesjobs/comments/1ue8fhe/looking_for_a_sales_persons_in_riyadh_software/,Looking for a sales person(s) in Riyadh – Software & Digital Marketing Services,/u/thetabahi,Reddit r/salesjobs,https://www.reddit.com/r/salesjobs/comments/1ue8fhe/looking_for_a_sales_persons_in_riyadh_software/,https://www.reddit.com/user/thetabahi,2026-06-24T09:12:59Z,50 days ago,Free (No Fees),,
Reddit r/salesjobs - https://www.reddit.com/r/salesjobs/comments/1ub0d6r/hiring_strategic_b2b_sales_executive_remote_india/,"[HIRING] Strategic B2B Sales Executive (Remote, India) – Impact Marketing Agency",/u/milleys88,Reddit r/salesjobs,https://www.reddit.com/r/salesjobs/comments/1ub0d6r/hiring_strategic_b2b_sales_executive_remote_india/,https://www.reddit.com/user/milleys88,2026-06-20T16:08:18Z,54 days ago,Free (No Fees),,
Reddit r/salesjobs - https://www.reddit.com/r/salesjobs/comments/1uamsvx/looking_for_a_remote_sales_partner_to_sell/,"Looking for a remote sales partner to sell premium websites + AI automation to landscaping businesses — 30% commission, scripts and demo provided, you just close",/u/Ch3rry_5t4rdusk,Reddit r/salesjobs,https://www.reddit.com/r/salesjobs/comments/1uamsvx/looking_for_a_remote_sales_partner_to_sell/,https://www.reddit.com/user/Ch3rry_5t4rdusk,2026-06-20T04:13:54Z,54 days ago,Free (No Fees),,
Reddit r/salesjobs - https://www.reddit.com/r/salesjobs/comments/1uabqdr/hiring_parttime_sdr_appointment_setter_remote/,Hiring Part-Time SDR / Appointment Setter (Remote) | $15/hr + Bonuses | Realistic $18-$30+/hr (US/CST hours),/u/smplejohn,Reddit r/salesjobs,https://www.reddit.com/r/salesjobs/comments/1uabqdr/hiring_parttime_sdr_appointment_setter_remote/,https://www.reddit.com/user/smplejohn,2026-06-19T19:44:41Z,54 days ago,Free (No Fees),,
Reddit r/salesjobs - https://www.reddit.com/r/salesjobs/comments/1uac5ck/hiring_sales_partner_or_rep_to_grow_my_tech/,[Hiring] Sales Partner or Rep to Grow my Tech Services Business,/u/haydonatello,Reddit r/salesjobs,https://www.reddit.com/r/salesjobs/comments/1uac5ck/hiring_sales_partner_or_rep_to_grow_my_tech/,https://www.reddit.com/user/haydonatello,2026-06-19T20:01:34Z,54 days ago,Free (No Fees),,
Reddit r/salesjobs - https://www.reddit.com/r/salesjobs/comments/1u9hado/hiring_cold_calling_closer_for_web_dev_agency/,[Hiring] Cold Calling Closer for Web Dev Agency (High Commission),/u/Whatwubbz,Reddit r/salesjobs,https://www.reddit.com/r/salesjobs/comments/1u9hado/hiring_cold_calling_closer_for_web_dev_agency/,https://www.reddit.com/user/Whatwubbz,2026-06-18T20:21:47Z,55 days ago,Free (No Fees),,
Reddit r/salesjobs - https://www.reddit.com/r/salesjobs/comments/1u8bh41/hiring_experienced_b2b_closers_us_only/,Hiring Experienced B2B Closers (US only),/u/mochalooloo,Reddit r/salesjobs,https://www.reddit.com/r/salesjobs/comments/1u8bh41/hiring_experienced_b2b_closers_us_only/,https://www.reddit.com/user/mochalooloo,2026-06-17T14:17:33Z,57 days ago,Free (No Fees),,
Reddit r/salesjobs - https://www.reddit.com/r/salesjobs/comments/1u6sic7/hiring_remote_sdr_coldcalling_executive_parttime/,"[Hiring] Remote SDR / Cold-Calling Executive — part-time, base + uncapped commission per close",/u/Beginning-Scholar105,Reddit r/salesjobs,https://www.reddit.com/r/salesjobs/comments/1u6sic7/hiring_remote_sdr_coldcalling_executive_parttime/,https://www.reddit.com/user/Beginning-Scholar105,2026-06-15T20:34:06Z,58 days ago,Free (No Fees),,
Reddit r/salesjobs - https://www.reddit.com/r/salesjobs/comments/1u5uvvi/remote_appointment_setter_commissiononly_ai/,"🚀 Remote Appointment Setter (Commission-Only): AI Agency, US Market",/u/FineBroccoli137,Reddit r/salesjobs,https://www.reddit.com/r/salesjobs/comments/1u5uvvi/remote_appointment_setter_commissiononly_ai/,https://www.reddit.com/user/FineBroccoli137,2026-06-14T19:51:29Z,59 days ago,Free (No Fees),,
Reddit r/salesjobs - https://www.reddit.com/r/salesjobs/comments/1u3nrum/hiring_sales_partners_people_with_business/,[HIRING] Sales Partners & People With Business Connections – ₹100 First Sale Bonus + 5% Recurring Commission,/u/IcySheepherder9890,Reddit r/salesjobs,https://www.reddit.com/r/salesjobs/comments/1u3nrum/hiring_sales_partners_people_with_business/,https://www.reddit.com/user/IcySheepherder9890,2026-06-12T06:50:07Z,62 days ago,Free (No Fees),,
Reddit r/salesjobs - https://www.reddit.com/r/salesjobs/comments/1u2lpmh/hiring_remote_appointment_setter_b2b_saas_5booked/,[HIRING] Remote Appointment Setter — B2B SaaS | $5/Booked Demo + Commission on Closed Sales,/u/Terrible_Special_535,Reddit r/salesjobs,https://www.reddit.com/r/salesjobs/comments/1u2lpmh/hiring_remote_appointment_setter_b2b_saas_5booked/,https://www.reddit.com/user/Terrible_Special_535,2026-06-11T01:55:53Z,63 days ago,Free (No Fees),,
Reddit r/webdev - https://www.reddit.com/r/webdev/comments/1ttq11w/monthly_getting_started_web_dev_career_thread/,Monthly Getting Started / Web Dev Career Thread,/u/AutoModerator,Reddit r/webdev,https://www.reddit.com/r/webdev/comments/1ttq11w/monthly_getting_started_web_dev_career_thread/,https://www.reddit.com/user/AutoModerator,2026-06-01T12:00:31Z,73 days ago,Free (No Fees),,
Reddit r/smallbusiness - https://www.reddit.com/r/smallbusiness/comments/1tslbvw/promote_your_business_thread_for_may_30_2026/,"Promote Your Business thread for May 30, 2026",/u/BigSlowTarget,Reddit r/smallbusiness,https://www.reddit.com/r/smallbusiness/comments/1tslbvw/promote_your_business_thread_for_may_30_2026/,https://www.reddit.com/user/BigSlowTarget,2026-05-31T04:37:55Z,74 days ago,Free (No Fees),,
Freelancer.com - https://www.freelancer.com/projects/shopify-site/WordPress-Shopify-Virtual-Assistant-Web,WordPress & Shopify Virtual Assistant / Web Developer,Freelancer Client,Freelancer.com,https://www.freelancer.com/projects/shopify-site/WordPress-Shopify-Virtual-Assistant-Web,https://www.freelancer.com/projects/shopify-site/WordPress-Shopify-Virtual-Assistant-Web,2026-08-14T00:03:48Z,Today,Paid (Connects / Bids),,
Freelancer.com - https://www.freelancer.com/projects/supabase/Mobile-App-Developer-iOS-Android,Mobile App Developer: iOS & Android Packaging,Freelancer Client,Freelancer.com,https://www.freelancer.com/projects/supabase/Mobile-App-Developer-iOS-Android,https://www.freelancer.com/projects/supabase/Mobile-App-Developer-iOS-Android,2026-08-13T23:58:09Z,Today,Paid (Connects / Bids),,
Freelancer.com - https://www.freelancer.com/projects/flutter/Flutter-Python-Developer-Fresher-Trainee,Flutter & Python Developer — Fresher / Trainee,Freelancer Client,Freelancer.com,https://www.freelancer.com/projects/flutter/Flutter-Python-Developer-Fresher-Trainee,https://www.freelancer.com/projects/flutter/Flutter-Python-Developer-Fresher-Trainee,2026-08-13T23:51:28Z,Today,Paid (Connects / Bids),,
Freelancer.com - https://www.freelancer.com/projects/content-verification/Accurate-Scan-Transcription-with,Accurate Scan Transcription with Formatting,Freelancer Client,Freelancer.com,https://www.freelancer.com/projects/content-verification/Accurate-Scan-Transcription-with,https://www.freelancer.com/projects/content-verification/Accurate-Scan-Transcription-with,2026-08-13T23:51:23Z,Today,Paid (Connects / Bids),,
Freelancer.com - https://www.freelancer.com/projects/azure/Hyderabad-Site-Azure-Developer,Hyderabad On-Site Azure Developer,Freelancer Client,Freelancer.com,https://www.freelancer.com/projects/azure/Hyderabad-Site-Azure-Developer,https://www.freelancer.com/projects/azure/Hyderabad-Site-Azure-Developer,2026-08-13T23:33:56Z,Today,Paid (Connects / Bids),,
Freelancer.com - https://www.freelancer.com/projects/ui-design/Modern-Android-VPN-Design,Modern Android VPN Design,Freelancer Client,Freelancer.com,https://www.freelancer.com/projects/ui-design/Modern-Android-VPN-Design,https://www.freelancer.com/projects/ui-design/Modern-Android-VPN-Design,2026-08-13T23:20:07Z,Today,Paid (Connects / Bids),,
Freelancer.com - https://www.freelancer.com/projects/zigbee/PIC-Programmer-for-Zigbee-Project,PIC Programmer for Zigbee Project,Freelancer Client,Freelancer.com,https://www.freelancer.com/projects/zigbee/PIC-Programmer-for-Zigbee-Project,https://www.freelancer.com/projects/zigbee/PIC-Programmer-for-Zigbee-Project,2026-08-13T23:11:15Z,Today,Paid (Connects / Bids),,
Freelancer.com - https://www.freelancer.com/projects/android-app-development/Android-App-Enhancements-40645859,Android App Enhancements -- 2,Freelancer Client,Freelancer.com,https://www.freelancer.com/projects/android-app-development/Android-App-Enhancements-40645859,https://www.freelancer.com/projects/android-app-development/Android-App-Enhancements-40645859,2026-08-13T23:11:13Z,Today,Paid (Connects / Bids),,
Freelancer.com - https://www.freelancer.com/projects/backend-development/Backend-Wizard-for-Data-Engineering,Backend Wizard for Data Engineering Task,Freelancer Client,Freelancer.com,https://www.freelancer.com/projects/backend-development/Backend-Wizard-for-Data-Engineering,https://www.freelancer.com/projects/backend-development/Backend-Wizard-for-Data-Engineering,2026-08-13T23:01:44Z,Today,Paid (Connects / Bids),,
Remotive - https://remotive.com/remote-jobs/medical/assistant-account-payable-2090989,Assistant Account Payable,The Obesity Society,Remotive,https://remotive.com/remote-jobs/medical/assistant-account-payable-2090989,https://remotive.com/companies/the%20obesity%20society,2026-08-13T17:10:52Z,Today,Free (No Fees),,
Remotive - https://remotive.com/remote-jobs/marketing/remote-office-assistant-1680495,Remote Office Assistant,Coalition Technologies ,Remotive,https://remotive.com/remote-jobs/marketing/remote-office-assistant-1680495,https://remotive.com/companies/coalition%20technologies%20,2026-08-13T17:10:52Z,Today,Free (No Fees),,
Remotive - https://remotive.com/remote-jobs/sales/inside-sales-contractor-2086540,Inside Sales Contractor,"Credit Wellness, LLC",Remotive,https://remotive.com/remote-jobs/sales/inside-sales-contractor-2086540,https://remotive.com/companies/credit%20wellness%2C%20llc,2026-08-13T17:10:52Z,Today,Free (No Fees),,
Remotive - https://remotive.com/remote-jobs/writing/freelance-writer-1185979,Freelance Writer,IAPWE,Remotive,https://remotive.com/remote-jobs/writing/freelance-writer-1185979,https://remotive.com/companies/iapwe,2026-08-13T17:10:52Z,Today,Free (No Fees),,
Remotive - https://remotive.com/remote-jobs/writing/freelance-copywriter-1749306,Freelance Copywriter,Coalition Technologies ,Remotive,https://remotive.com/remote-jobs/writing/freelance-copywriter-1749306,https://remotive.com/companies/coalition%20technologies%20,2026-08-13T17:10:52Z,Today,Free (No Fees),,
Remotive - https://remotive.com/remote-jobs/data/data-labeling-specialists-2090903,Data Labeling Specialists,Workada,Remotive,https://remotive.com/remote-jobs/data/data-labeling-specialists-2090903,https://remotive.com/companies/workada,2026-08-13T17:10:52Z,Today,Free (No Fees),,
Remotive - https://remotive.com/remote-jobs/sales/business-development-representative-2091075,Business Development Representative,Outsite,Remotive,https://remotive.com/remote-jobs/sales/business-development-representative-2091075,https://remotive.com/companies/outsite,2026-08-13T17:10:52Z,Today,Free (No Fees),,
Remotive - https://remotive.com/remote-jobs/all-others/content-reviewer-united-states-2091074,Content Reviewer - United States,TELUS Digital,Remotive,https://remotive.com/remote-jobs/all-others/content-reviewer-united-states-2091074,https://remotive.com/companies/telus%20digital,2026-08-13T17:10:52Z,Today,Free (No Fees),,
Remotive - https://remotive.com/remote-jobs/medical/patient-care-specialist-2091069,Patient Care Specialist,STATLINX,Remotive,https://remotive.com/remote-jobs/medical/patient-care-specialist-2091069,https://remotive.com/companies/statlinx,2026-08-13T17:10:52Z,Today,Free (No Fees),,
Remotive - https://remotive.com/remote-jobs/information-technology/tier-iii-service-desk-engineer-2091045,Tier III Service Desk Engineer,Unio Digital,Remotive,https://remotive.com/remote-jobs/information-technology/tier-iii-service-desk-engineer-2091045,https://remotive.com/companies/unio%20digital,2026-08-13T16:45:30Z,Today,Free (No Fees),,
Remotive - https://remotive.com/remote-jobs/sales/sales-jedi-2091088,Sales Jedi,Creative Force ,Remotive,https://remotive.com/remote-jobs/sales/sales-jedi-2091088,https://remotive.com/companies/creative%20force%20,2026-08-13T16:45:30Z,Today,Free (No Fees),,
Remotive - https://remotive.com/remote-jobs/customer-service/saas-product-support-jedi-2091087,SaaS Product Support Jedi,Creative Force,Remotive,https://remotive.com/remote-jobs/customer-service/saas-product-support-jedi-2091087,https://remotive.com/companies/creative%20force,2026-08-13T16:45:30Z,Today,Free (No Fees),,
Remotive - https://remotive.com/remote-jobs/design/senior-graphic-designer-2091081,Senior Graphic Designer,Lemon.io,Remotive,https://remotive.com/remote-jobs/design/senior-graphic-designer-2091081,https://remotive.com/companies/lemon.io,2026-08-13T16:45:30Z,Today,Free (No Fees),,
Remotive - https://remotive.com/remote-jobs/software-development/senior-independent-software-developer-1919265,Senior Independent Software Developer,A.Team,Remotive,https://remotive.com/remote-jobs/software-development/senior-independent-software-developer-1919265,https://remotive.com/companies/a.team,2026-08-13T16:45:30Z,Today,Free (No Fees),,
Remotive - https://remotive.com/remote-jobs/software-development/senior-independent-ai-engineer-architect-1919266,Senior Independent AI Engineer / Architect,A.Team,Remotive,https://remotive.com/remote-jobs/software-development/senior-independent-ai-engineer-architect-1919266,https://remotive.com/companies/a.team,2026-08-13T16:45:30Z,Today,Free (No Fees),,
Remotive - https://remotive.com/remote-jobs/marketing/head-of-marketing-communications-2091068,Head of Marketing & Communications,garden3d,Remotive,https://remotive.com/remote-jobs/marketing/head-of-marketing-communications-2091068,https://remotive.com/companies/garden3d,2026-08-13T16:45:30Z,Today,Free (No Fees),,
Remotive - https://remotive.com/remote-jobs/software-development/tech-lead-full-stack-rails-engineer-2069746,Tech Lead Full-Stack Rails Engineer,Mitre Media,Remotive,https://remotive.com/remote-jobs/software-development/tech-lead-full-stack-rails-engineer-2069746,https://remotive.com/companies/mitre%20media,2026-08-13T16:45:30Z,Today,Free (No Fees),,
Remotive - https://remotive.com/remote-jobs/devops/senior-devops-engineer-2091067,Senior DevOps Engineer,Lemon.io,Remotive,https://remotive.com/remote-jobs/devops/senior-devops-engineer-2091067,https://remotive.com/companies/lemon.io,2026-08-13T16:45:30Z,Today,Free (No Fees),,
Python.org - https://www.python.org/jobs/8122/,"Lead Python Backend Engineer, Reef Technologies",Python Job Poster,Python.org,https://www.python.org/jobs/8122/,https://www.python.org/jobs/8122/,2026-08-13T16:45:31Z,Today,Free (No Fees),,
Python.org - https://www.python.org/jobs/8121/,"Senior Python Backend Engineer, Reef Technologies",Python Job Poster,Python.org,https://www.python.org/jobs/8121/,https://www.python.org/jobs/8121/,2026-08-13T16:45:31Z,Today,Free (No Fees),,
Python.org - https://www.python.org/jobs/8120/,"Python Backend Engineer, Constelli Signals",Python Job Poster,Python.org,https://www.python.org/jobs/8120/,https://www.python.org/jobs/8120/,2026-08-13T16:45:31Z,Today,Free (No Fees),,
Python.org - https://www.python.org/jobs/8119/,"Senior Full-Stack Engineer [Full Time; 100% remote; US-only], Hive Collective",Python Job Poster,Python.org,https://www.python.org/jobs/8119/,https://www.python.org/jobs/8119/,2026-08-13T16:45:31Z,Today,Free (No Fees),,
Python.org - https://www.python.org/jobs/8118/,"Python Developer, Micro1",Python Job Poster,Python.org,https://www.python.org/jobs/8118/,https://www.python.org/jobs/8118/,2026-08-13T16:45:31Z,Today,Free (No Fees),,
Python.org - https://www.python.org/jobs/8117/,"Senior Python Engineer, EPAM",Python Job Poster,Python.org,https://www.python.org/jobs/8117/,https://www.python.org/jobs/8117/,2026-08-13T16:45:31Z,Today,Free (No Fees),,
Python.org - https://www.python.org/jobs/8116/,"Senior Python Engineer, Turing",Python Job Poster,Python.org,https://www.python.org/jobs/8116/,https://www.python.org/jobs/8116/,2026-08-13T16:45:31Z,Today,Free (No Fees),,
Python.org - https://www.python.org/jobs/8115/,"Senior Backend Engineer, MyOme",Python Job Poster,Python.org,https://www.python.org/jobs/8115/,https://www.python.org/jobs/8115/,2026-08-13T16:45:31Z,Today,Free (No Fees),,
Python.org - https://www.python.org/jobs/8113/,"Senior Python/DevOps Engineer (100% Remote - USA Only), Six Feet Up",Python Job Poster,Python.org,https://www.python.org/jobs/8113/,https://www.python.org/jobs/8113/,2026-08-13T16:45:31Z,Today,Free (No Fees),,
Python.org - https://www.python.org/jobs/8111/,"Python + TypeScript Engineers, Fusionbox",Python Job Poster,Python.org,https://www.python.org/jobs/8111/,https://www.python.org/jobs/8111/,2026-08-13T16:45:31Z,Today,Free (No Fees),,
Python.org - https://www.python.org/jobs/8110/,"Senior AI-Augmented Full Stack Developer, SureSwift Capital",Python Job Poster,Python.org,https://www.python.org/jobs/8110/,https://www.python.org/jobs/8110/,2026-08-13T16:45:31Z,Today,Free (No Fees),,
Python.org - https://www.python.org/jobs/8109/,"Senior Backend Python Engineer, mindIT HR Agency (on behalf of a confidential client)",Python Job Poster,Python.org,https://www.python.org/jobs/8109/,https://www.python.org/jobs/8109/,2026-08-13T16:45:31Z,Today,Free (No Fees),,
Python.org - https://www.python.org/jobs/8108/,"Full-Stack Engineer, AIDAR",Python Job Poster,Python.org,https://www.python.org/jobs/8108/,https://www.python.org/jobs/8108/,2026-08-13T16:45:31Z,Today,Free (No Fees),,
Python.org - https://www.python.org/jobs/8107/,"Senior Python Engineer, EPAM",Python Job Poster,Python.org,https://www.python.org/jobs/8107/,https://www.python.org/jobs/8107/,2026-08-13T16:45:31Z,Today,Free (No Fees),,
Python.org - https://www.python.org/jobs/8105/,"Computational Photonics Engineer, LumiAIres Ltd",Python Job Poster,Python.org,https://www.python.org/jobs/8105/,https://www.python.org/jobs/8105/,2026-08-13T16:45:31Z,Today,Free (No Fees),,
Python.org - https://www.python.org/jobs/8103/,"Senior Python Developer, Turing",Python Job Poster,Python.org,https://www.python.org/jobs/8103/,https://www.python.org/jobs/8103/,2026-08-13T16:45:31Z,Today,Free (No Fees),,
Python.org - https://www.python.org/jobs/8102/,"Python Machine Learning Engineer, Turing",Python Job Poster,Python.org,https://www.python.org/jobs/8102/,https://www.python.org/jobs/8102/,2026-08-13T16:45:31Z,Today,Free (No Fees),,
Python.org - https://www.python.org/jobs/8101/,"Python Developer, Micro1",Python Job Poster,Python.org,https://www.python.org/jobs/8101/,https://www.python.org/jobs/8101/,2026-08-13T16:45:31Z,Today,Free (No Fees),,
Python.org - https://www.python.org/jobs/8098/,"Junior Python Developer - AI & Innovation Team, Adzuna",Python Job Poster,Python.org,https://www.python.org/jobs/8098/,https://www.python.org/jobs/8098/,2026-08-13T16:45:31Z,Today,Free (No Fees),,
Python.org - https://www.python.org/jobs/8097/,"Data Acquisition & Infrastructure Engineer, Iconic Art AI",Python Job Poster,Python.org,https://www.python.org/jobs/8097/,https://www.python.org/jobs/8097/,2026-08-13T16:45:31Z,Today,Free (No Fees),,
We Work Remotely - https://weworkremotely.com/remote-jobs/grailed-senior-backend-software-engineer,Senior Backend Software Engineer,Grailed,We Work Remotely,https://weworkremotely.com/remote-jobs/grailed-senior-backend-software-engineer,https://weworkremotely.com/remote-jobs/grailed-senior-backend-software-engineer,2026-08-13T07:31:17Z,Today,Free (No Fees),,
We Work Remotely - https://weworkremotely.com/remote-jobs/expel-associate-customer-success-manager-scale,"Associate Customer Success Manager, Scale",Expel,We Work Remotely,https://weworkremotely.com/remote-jobs/expel-associate-customer-success-manager-scale,https://weworkremotely.com/remote-jobs/expel-associate-customer-success-manager-scale,2026-08-13T07:31:17Z,Today,Free (No Fees),,
We Work Remotely - https://weworkremotely.com/remote-jobs/webflow-staff-brand-designer,Staff Brand Designer,Webflow,We Work Remotely,https://weworkremotely.com/remote-jobs/webflow-staff-brand-designer,https://weworkremotely.com/remote-jobs/webflow-staff-brand-designer,2026-08-12T23:41:10Z,Today,Free (No Fees),,
We Work Remotely - https://weworkremotely.com/remote-jobs/testgorilla-manager-smb-sales,"Manager, SMB Sales",TestGorilla,We Work Remotely,https://weworkremotely.com/remote-jobs/testgorilla-manager-smb-sales,https://weworkremotely.com/remote-jobs/testgorilla-manager-smb-sales,2026-08-13T17:07:58Z,Today,Free (No Fees),,
We Work Remotely - https://weworkremotely.com/remote-jobs/knock-mortgage-processor-underwriter-remote,Mortgage Processor/Underwriter - Remote,Knock,We Work Remotely,https://weworkremotely.com/remote-jobs/knock-mortgage-processor-underwriter-remote,https://weworkremotely.com/remote-jobs/knock-mortgage-processor-underwriter-remote,2026-08-13T07:31:17Z,Today,Free (No Fees),,
We Work Remotely - https://weworkremotely.com/remote-jobs/grailed-digital-authentication-associate,Digital Authentication Associate,Grailed,We Work Remotely,https://weworkremotely.com/remote-jobs/grailed-digital-authentication-associate,https://weworkremotely.com/remote-jobs/grailed-digital-authentication-associate,2026-08-13T07:31:17Z,Today,Free (No Fees),,
We Work Remotely - https://weworkremotely.com/remote-jobs/knock-mortgage-account-executive-remote,Mortgage Account Executive - Remote,Knock,We Work Remotely,https://weworkremotely.com/remote-jobs/knock-mortgage-account-executive-remote,https://weworkremotely.com/remote-jobs/knock-mortgage-account-executive-remote,2026-08-13T07:31:05Z,Today,Free (No Fees),,
We Work Remotely - https://weworkremotely.com/remote-jobs/collibra-director-global-payroll,"Director, Global Payroll",Collibra,We Work Remotely,https://weworkremotely.com/remote-jobs/collibra-director-global-payroll,https://weworkremotely.com/remote-jobs/collibra-director-global-payroll,2026-08-13T00:23:38Z,Today,Free (No Fees),,
We Work Remotely - https://weworkremotely.com/remote-jobs/toptal-python-backend-development-talent-with-rag-and-agentic-ai-experience,Python Backend Development Talent with RAG and Agentic AI Experience,Toptal,We Work Remotely,https://weworkremotely.com/remote-jobs/toptal-python-backend-development-talent-with-rag-and-agentic-ai-experience,https://weworkremotely.com/remote-jobs/toptal-python-backend-development-talent-with-rag-and-agentic-ai-experience,2026-08-12T18:38:32Z,1 day ago,Free (No Fees),,
We Work Remotely - https://weworkremotely.com/remote-jobs/toptal-expert-crowd-personal-finance-consultants-for-ai-model,[Expert Crowd] Personal Finance consultants for AI model,Toptal,We Work Remotely,https://weworkremotely.com/remote-jobs/toptal-expert-crowd-personal-finance-consultants-for-ai-model,https://weworkremotely.com/remote-jobs/toptal-expert-crowd-personal-finance-consultants-for-ai-model,2026-08-12T18:18:05Z,1 day ago,Free (No Fees),,
We Work Remotely - https://weworkremotely.com/remote-jobs/toptal-senior-software-engineer-for-ai-powered-banking-platform,Senior Software Engineer for AI-Powered Banking Platform,Toptal,We Work Remotely,https://weworkremotely.com/remote-jobs/toptal-senior-software-engineer-for-ai-powered-banking-platform,https://weworkremotely.com/remote-jobs/toptal-senior-software-engineer-for-ai-powered-banking-platform,2026-08-12T12:18:51Z,1 day ago,Free (No Fees),,
We Work Remotely - https://weworkremotely.com/remote-jobs/mercury-customer-support-systems-analytics-architect,Customer Support Systems & Analytics Architect,Mercury,We Work Remotely,https://weworkremotely.com/remote-jobs/mercury-customer-support-systems-analytics-architect,https://weworkremotely.com/remote-jobs/mercury-customer-support-systems-analytics-architect,2026-08-12T07:31:04Z,1 day ago,Free (No Fees),,
We Work Remotely - https://weworkremotely.com/remote-jobs/sofi-influencer-strategist-contract,Influencer Strategist (Contract),SoFi,We Work Remotely,https://weworkremotely.com/remote-jobs/sofi-influencer-strategist-contract,https://weworkremotely.com/remote-jobs/sofi-influencer-strategist-contract,2026-08-12T07:31:04Z,1 day ago,Free (No Fees),,
We Work Remotely - https://weworkremotely.com/remote-jobs/netlify-senior-financial-analyst,Senior Financial Analyst,Netlify,We Work Remotely,https://weworkremotely.com/remote-jobs/netlify-senior-financial-analyst,https://weworkremotely.com/remote-jobs/netlify-senior-financial-analyst,2026-08-12T07:31:02Z,1 day ago,Free (No Fees),,
We Work Remotely - https://weworkremotely.com/remote-jobs/mercury-counsel-product-regulatory-payments-aml,"Counsel, Product & Regulatory - Payments & AML",Mercury,We Work Remotely,https://weworkremotely.com/remote-jobs/mercury-counsel-product-regulatory-payments-aml,https://weworkremotely.com/remote-jobs/mercury-counsel-product-regulatory-payments-aml,2026-08-12T07:30:59Z,1 day ago,Free (No Fees),,
We Work Remotely - https://weworkremotely.com/remote-jobs/better-proposals-junior-seo-specialist,Junior SEO Specialist,Better Proposals,We Work Remotely,https://weworkremotely.com/remote-jobs/better-proposals-junior-seo-specialist,https://weworkremotely.com/remote-jobs/better-proposals-junior-seo-specialist,2026-08-12T10:10:18Z,1 day ago,Free (No Fees),,
We Work Remotely - https://weworkremotely.com/remote-jobs/sofi-director-learning-and-development-operations,"Director, Learning and Development - Operations",SoFi,We Work Remotely,https://weworkremotely.com/remote-jobs/sofi-director-learning-and-development-operations,https://weworkremotely.com/remote-jobs/sofi-director-learning-and-development-operations,2026-08-12T07:30:59Z,1 day ago,Free (No Fees),,
We Work Remotely - https://weworkremotely.com/remote-jobs/hospitable-customer-advocate-lead-north-america-remote-1,Customer Advocate Lead (North America - Remote),Hospitable,We Work Remotely,https://weworkremotely.com/remote-jobs/hospitable-customer-advocate-lead-north-america-remote-1,https://weworkremotely.com/remote-jobs/hospitable-customer-advocate-lead-north-america-remote-1,2026-08-11T16:03:20Z,2 days ago,Free (No Fees),,
We Work Remotely - https://weworkremotely.com/remote-jobs/toptal-tech-lead-manufacturing-data-ai-platforms-global-pharmaceutical-company,Tech Lead - Manufacturing Data & AI Platforms - Global Pharmaceutical Company,Toptal,We Work Remotely,https://weworkremotely.com/remote-jobs/toptal-tech-lead-manufacturing-data-ai-platforms-global-pharmaceutical-company,https://weworkremotely.com/remote-jobs/toptal-tech-lead-manufacturing-data-ai-platforms-global-pharmaceutical-company,2026-08-11T12:58:39Z,2 days ago,Free (No Fees),,
We Work Remotely - https://weworkremotely.com/remote-jobs/harney-sons-fine-teas-associate-erp-operations-sap-business-one,Associate – ERP Operations (SAP Business One),Harney & Sons Fine Teas,We Work Remotely,https://weworkremotely.com/remote-jobs/harney-sons-fine-teas-associate-erp-operations-sap-business-one,https://weworkremotely.com/remote-jobs/harney-sons-fine-teas-associate-erp-operations-sap-business-one,2026-08-11T11:45:38Z,2 days ago,Free (No Fees),,
We Work Remotely - https://weworkremotely.com/remote-jobs/amplitude-senior-enterprise-account-executive,Senior Enterprise Account Executive,Amplitude,We Work Remotely,https://weworkremotely.com/remote-jobs/amplitude-senior-enterprise-account-executive,https://weworkremotely.com/remote-jobs/amplitude-senior-enterprise-account-executive,2026-08-11T07:30:36Z,2 days ago,Free (No Fees),,
We Work Remotely - https://weworkremotely.com/remote-jobs/toptal-data-scientist-for-top-cosmetic-firm,Data Scientist for Top Cosmetic firm,Toptal,We Work Remotely,https://weworkremotely.com/remote-jobs/toptal-data-scientist-for-top-cosmetic-firm,https://weworkremotely.com/remote-jobs/toptal-data-scientist-for-top-cosmetic-firm,2026-08-11T12:40:35Z,2 days ago,Free (No Fees),,
We Work Remotely - https://weworkremotely.com/remote-jobs/remote-account-executive-dach-1,Account Executive DACH,Remote,We Work Remotely,https://weworkremotely.com/remote-jobs/remote-account-executive-dach-1,https://weworkremotely.com/remote-jobs/remote-account-executive-dach-1,2026-08-11T07:30:41Z,2 days ago,Free (No Fees),,
We Work Remotely - https://weworkremotely.com/remote-jobs/justworks-account-executive-in-territory-sf-bay-area-ca,"Account Executive - In-Territory (SF/Bay Area, CA)",Justworks,We Work Remotely,https://weworkremotely.com/remote-jobs/justworks-account-executive-in-territory-sf-bay-area-ca,https://weworkremotely.com/remote-jobs/justworks-account-executive-in-territory-sf-bay-area-ca,2026-08-11T07:30:41Z,2 days ago,Free (No Fees),,
We Work Remotely - https://weworkremotely.com/remote-jobs/remote-account-executive-dach,Account Executive DACH,Remote,We Work Remotely,https://weworkremotely.com/remote-jobs/remote-account-executive-dach,https://weworkremotely.com/remote-jobs/remote-account-executive-dach,2026-08-11T07:30:36Z,2 days ago,Free (No Fees),,
We Work Remotely - https://weworkremotely.com/remote-jobs/pixel-one-senior-visual-designer,Senior Visual designer,Pixel One,We Work Remotely,https://weworkremotely.com/remote-jobs/pixel-one-senior-visual-designer,https://weworkremotely.com/remote-jobs/pixel-one-senior-visual-designer,2026-08-11T03:24:55Z,2 days ago,Free (No Fees),,
We Work Remotely - https://weworkremotely.com/remote-jobs/pixel-one-senior-product-designer,Senior Product Designer,Pixel One,We Work Remotely,https://weworkremotely.com/remote-jobs/pixel-one-senior-product-designer,https://weworkremotely.com/remote-jobs/pixel-one-senior-product-designer,2026-08-11T02:51:33Z,2 days ago,Free (No Fees),,
We Work Remotely - https://weworkremotely.com/remote-jobs/food-service-specialties-back-office-support-1,Back Office support,Food Service Specialties,We Work Remotely,https://weworkremotely.com/remote-jobs/food-service-specialties-back-office-support-1,https://weworkremotely.com/remote-jobs/food-service-specialties-back-office-support-1,2026-08-10T21:39:16Z,2 days ago,Free (No Fees),,
We Work Remotely - https://weworkremotely.com/remote-jobs/zoom-solutions-consultant,Solutions Consultant,Zoom,We Work Remotely,https://weworkremotely.com/remote-jobs/zoom-solutions-consultant,https://weworkremotely.com/remote-jobs/zoom-solutions-consultant,2026-08-10T15:13:30Z,3 days ago,Free (No Fees),,
We Work Remotely - https://weworkremotely.com/remote-jobs/instacart-ai-engagement-manager,AI Engagement Manager,Instacart,We Work Remotely,https://weworkremotely.com/remote-jobs/instacart-ai-engagement-manager,https://weworkremotely.com/remote-jobs/instacart-ai-engagement-manager,2026-08-10T07:30:55Z,3 days ago,Free (No Fees),,
We Work Remotely - https://weworkremotely.com/remote-jobs/lithic-senior-dispute-analyst,Senior Dispute Analyst,Lithic,We Work Remotely,https://weworkremotely.com/remote-jobs/lithic-senior-dispute-analyst,https://weworkremotely.com/remote-jobs/lithic-senior-dispute-analyst,2026-08-10T07:30:55Z,3 days ago,Free (No Fees),,
We Work Remotely - https://weworkremotely.com/remote-jobs/nvidia-global-immigration-specialist,Global Immigration Specialist,NVIDIA,We Work Remotely,https://weworkremotely.com/remote-jobs/nvidia-global-immigration-specialist,https://weworkremotely.com/remote-jobs/nvidia-global-immigration-specialist,2026-08-10T15:22:19Z,3 days ago,Free (No Fees),,
We Work Remotely - https://weworkremotely.com/remote-jobs/gusto-inc-treasury-manager,Treasury Manager,"Gusto, Inc.",We Work Remotely,https://weworkremotely.com/remote-jobs/gusto-inc-treasury-manager,https://weworkremotely.com/remote-jobs/gusto-inc-treasury-manager,2026-08-09T07:30:48Z,4 days ago,Free (No Fees),,
We Work Remotely - https://weworkremotely.com/remote-jobs/amwell-sr-account-director,Sr. Account Director,Amwell,We Work Remotely,https://weworkremotely.com/remote-jobs/amwell-sr-account-director,https://weworkremotely.com/remote-jobs/amwell-sr-account-director,2026-08-09T07:30:40Z,4 days ago,Free (No Fees),,
We Work Remotely - https://weworkremotely.com/remote-jobs/gusto-inc-staff-software-engineer-time-and-scheduling,"Staff Software Engineer, Time and Scheduling","Gusto, Inc.",We Work Remotely,https://weworkremotely.com/remote-jobs/gusto-inc-staff-software-engineer-time-and-scheduling,https://weworkremotely.com/remote-jobs/gusto-inc-staff-software-engineer-time-and-scheduling,2026-08-09T07:30:40Z,4 days ago,Free (No Fees),,
We Work Remotely - https://weworkremotely.com/remote-jobs/the-psychics-connection-work-at-home-psychics-tarot-readers-us-canada,Work at Home Psychics & Tarot Readers US & CANADA,THE PSYCHICS CONNECTION,We Work Remotely,https://weworkremotely.com/remote-jobs/the-psychics-connection-work-at-home-psychics-tarot-readers-us-canada,https://weworkremotely.com/remote-jobs/the-psychics-connection-work-at-home-psychics-tarot-readers-us-canada,2026-08-09T14:39:49Z,4 days ago,Free (No Fees),,
We Work Remotely - https://weworkremotely.com/remote-jobs/reddit-group-product-manager-finance-technology,"Group Product Manager, Finance Technology",Reddit,We Work Remotely,https://weworkremotely.com/remote-jobs/reddit-group-product-manager-finance-technology,https://weworkremotely.com/remote-jobs/reddit-group-product-manager-finance-technology,2026-08-07T18:27:08Z,6 days ago,Free (No Fees),,
We Work Remotely - https://weworkremotely.com/remote-jobs/coinbase-forward-deployed-engineer-compliance-office-of-the-cto,"Forward Deployed Engineer, Compliance [Office of the CTO]",Coinbase,We Work Remotely,https://weworkremotely.com/remote-jobs/coinbase-forward-deployed-engineer-compliance-office-of-the-cto,https://weworkremotely.com/remote-jobs/coinbase-forward-deployed-engineer-compliance-office-of-the-cto,2026-08-07T07:31:06Z,6 days ago,Free (No Fees),,
We Work Remotely - https://weworkremotely.com/remote-jobs/grafana-labs-associate-observability-architect-est-remote,Associate Observability Architect | EST | Remote,Grafana Labs,We Work Remotely,https://weworkremotely.com/remote-jobs/grafana-labs-associate-observability-architect-est-remote,https://weworkremotely.com/remote-jobs/grafana-labs-associate-observability-architect-est-remote,2026-08-07T07:31:06Z,6 days ago,Free (No Fees),,
We Work Remotely - https://weworkremotely.com/remote-jobs/kazaar-fragrances-brand-creative-designer-freelance-100-remote,"Brand & Creative Designer (Freelance, 100% Remote)",Kazaar Fragrances,We Work Remotely,https://weworkremotely.com/remote-jobs/kazaar-fragrances-brand-creative-designer-freelance-100-remote,https://weworkremotely.com/remote-jobs/kazaar-fragrances-brand-creative-designer-freelance-100-remote,2026-08-07T09:59:18Z,6 days ago,Free (No Fees),,
We Work Remotely - https://weworkremotely.com/remote-jobs/jumio-devops-engineer-iv-obs,DevOps Engineer IV (Obs),Jumio,We Work Remotely,https://weworkremotely.com/remote-jobs/jumio-devops-engineer-iv-obs,https://weworkremotely.com/remote-jobs/jumio-devops-engineer-iv-obs,2026-08-06T07:30:49Z,7 days ago,Free (No Fees),,
We Work Remotely - https://weworkremotely.com/remote-jobs/jumio-customer-escalation-engineer,Customer Escalation Engineer,Jumio,We Work Remotely,https://weworkremotely.com/remote-jobs/jumio-customer-escalation-engineer,https://weworkremotely.com/remote-jobs/jumio-customer-escalation-engineer,2026-08-06T07:30:42Z,7 days ago,Free (No Fees),,
We Work Remotely - https://weworkremotely.com/remote-jobs/memberspace-senior-react-developer,Senior React Developer,MemberSpace,We Work Remotely,https://weworkremotely.com/remote-jobs/memberspace-senior-react-developer,https://weworkremotely.com/remote-jobs/memberspace-senior-react-developer,2026-08-05T22:24:37Z,7 days ago,Free (No Fees),,
We Work Remotely - https://weworkremotely.com/remote-jobs/kuno-creative-group-inc-senior-revenue-operations-strategist,Senior Revenue Operations Strategist,"Kuno Creative Group, Inc.",We Work Remotely,https://weworkremotely.com/remote-jobs/kuno-creative-group-inc-senior-revenue-operations-strategist,https://weworkremotely.com/remote-jobs/kuno-creative-group-inc-senior-revenue-operations-strategist,2026-08-06T15:25:55Z,7 days ago,Free (No Fees),,
We Work Remotely - https://weworkremotely.com/remote-jobs/performancepixel-gmbh-art-director-performance-creatives-m-w-d,Art Director Performance Creatives (m/w/d),Performancepixel GmbH,We Work Remotely,https://weworkremotely.com/remote-jobs/performancepixel-gmbh-art-director-performance-creatives-m-w-d,https://weworkremotely.com/remote-jobs/performancepixel-gmbh-art-director-performance-creatives-m-w-d,2026-08-06T09:16:25Z,7 days ago,Free (No Fees),,
We Work Remotely - https://weworkremotely.com/remote-jobs/vets-move-junk-inbound-sales-representative,Inbound Sales Representative,Vets Move Junk,We Work Remotely,https://weworkremotely.com/remote-jobs/vets-move-junk-inbound-sales-representative,https://weworkremotely.com/remote-jobs/vets-move-junk-inbound-sales-representative,2026-08-05T22:32:50Z,7 days ago,Free (No Fees),,
We Work Remotely - https://weworkremotely.com/remote-jobs/lemon-io-senior-ai-engineer-4,Senior AI Engineer,Lemon.io,We Work Remotely,https://weworkremotely.com/remote-jobs/lemon-io-senior-ai-engineer-4,https://weworkremotely.com/remote-jobs/lemon-io-senior-ai-engineer-4,2026-08-05T08:23:41Z,8 days ago,Free (No Fees),,
We Work Remotely - https://weworkremotely.com/remote-jobs/hook-ladder-web-developer,Web Developer,Hook & Ladder,We Work Remotely,https://weworkremotely.com/remote-jobs/hook-ladder-web-developer,https://weworkremotely.com/remote-jobs/hook-ladder-web-developer,2026-08-04T22:13:03Z,8 days ago,Free (No Fees),,
We Work Remotely - https://weworkremotely.com/remote-jobs/thehivecareers-co-web-developer-remote-1,Web Developer (Remote),thehivecareers.co,We Work Remotely,https://weworkremotely.com/remote-jobs/thehivecareers-co-web-developer-remote-1,https://weworkremotely.com/remote-jobs/thehivecareers-co-web-developer-remote-1,2026-08-04T22:13:00Z,8 days ago,Free (No Fees),,
We Work Remotely - https://weworkremotely.com/remote-jobs/charles-technology-africa-web-developer,Web Developer,Charles Technology Africa,We Work Remotely,https://weworkremotely.com/remote-jobs/charles-technology-africa-web-developer,https://weworkremotely.com/remote-jobs/charles-technology-africa-web-developer,2026-08-04T22:13:00Z,8 days ago,Free (No Fees),,
We Work Remotely - https://weworkremotely.com/remote-jobs/algaecal-automation-qa-engineer-lead,Automation QA Engineer (Lead),AlgaeCal,We Work Remotely,https://weworkremotely.com/remote-jobs/algaecal-automation-qa-engineer-lead,https://weworkremotely.com/remote-jobs/algaecal-automation-qa-engineer-lead,2026-08-04T22:13:00Z,8 days ago,Free (No Fees),,
We Work Remotely - https://weworkremotely.com/remote-jobs/sinclair-broadcast-group-sr-principal-data-engineer-data-architect,Sr. Principal Data Engineer / Data Architect,Sinclair Broadcast Group,We Work Remotely,https://weworkremotely.com/remote-jobs/sinclair-broadcast-group-sr-principal-data-engineer-data-architect,https://weworkremotely.com/remote-jobs/sinclair-broadcast-group-sr-principal-data-engineer-data-architect,2026-08-04T20:13:58Z,8 days ago,Free (No Fees),,
We Work Remotely - https://weworkremotely.com/remote-jobs/druva-technical-sales-enablement-manager-partners,"Technical Sales Enablement Manager, Partners",Druva,We Work Remotely,https://weworkremotely.com/remote-jobs/druva-technical-sales-enablement-manager-partners,https://weworkremotely.com/remote-jobs/druva-technical-sales-enablement-manager-partners,2026-08-04T15:18:27Z,9 days ago,Free (No Fees),,
We Work Remotely - https://weworkremotely.com/remote-jobs/truelogic-senior-software-architect-c-angular-ai-first-govtech-saas-company,Senior Software Architect (C#/Angular/AI First) - GovTech SaaS company,Truelogic,We Work Remotely,https://weworkremotely.com/remote-jobs/truelogic-senior-software-architect-c-angular-ai-first-govtech-saas-company,https://weworkremotely.com/remote-jobs/truelogic-senior-software-architect-c-angular-ai-first-govtech-saas-company,2026-08-04T15:18:17Z,9 days ago,Free (No Fees),,
We Work Remotely - https://weworkremotely.com/remote-jobs/uptalent-io-part-time-brand-outreach-assistant-b2b-saas-vc-remote-1,Part-Time Brand & Outreach Assistant - B2B SaaS VC (Remote),Uptalent.io,We Work Remotely,https://weworkremotely.com/remote-jobs/uptalent-io-part-time-brand-outreach-assistant-b2b-saas-vc-remote-1,https://weworkremotely.com/remote-jobs/uptalent-io-part-time-brand-outreach-assistant-b2b-saas-vc-remote-1,2026-08-04T15:18:27Z,9 days ago,Free (No Fees),,
We Work Remotely - https://weworkremotely.com/remote-jobs/power-digital-growth-marketing-manager-b2b-saas-1,"Growth Marketing Manager, B2B SaaS",Power Digital,We Work Remotely,https://weworkremotely.com/remote-jobs/power-digital-growth-marketing-manager-b2b-saas-1,https://weworkremotely.com/remote-jobs/power-digital-growth-marketing-manager-b2b-saas-1,2026-08-04T15:18:27Z,9 days ago,Free (No Fees),,
We Work Remotely - https://weworkremotely.com/remote-jobs/blueleaders-account-executive-saas-remoto,Account Executive SaaS - remoto,BlueLeaders,We Work Remotely,https://weworkremotely.com/remote-jobs/blueleaders-account-executive-saas-remoto,https://weworkremotely.com/remote-jobs/blueleaders-account-executive-saas-remoto,2026-08-04T15:18:27Z,9 days ago,Free (No Fees),,
We Work Remotely - https://weworkremotely.com/remote-jobs/marathon-talent-account-executive-mid-market,Account Executive Mid Market,Marathon Talent,We Work Remotely,https://weworkremotely.com/remote-jobs/marathon-talent-account-executive-mid-market,https://weworkremotely.com/remote-jobs/marathon-talent-account-executive-mid-market,2026-08-04T15:18:27Z,9 days ago,Free (No Fees),,
We Work Remotely - https://weworkremotely.com/remote-jobs/power-digital-growth-marketing-manager-b2b-saas,"Growth Marketing Manager, B2B SaaS",Power Digital,We Work Remotely,https://weworkremotely.com/remote-jobs/power-digital-growth-marketing-manager-b2b-saas,https://weworkremotely.com/remote-jobs/power-digital-growth-marketing-manager-b2b-saas,2026-08-04T15:18:17Z,9 days ago,Free (No Fees),,
We Work Remotely - https://weworkremotely.com/remote-jobs/platform-sh-it-systems-engineer,IT Systems Engineer,Platform.sh,We Work Remotely,https://weworkremotely.com/remote-jobs/platform-sh-it-systems-engineer,https://weworkremotely.com/remote-jobs/platform-sh-it-systems-engineer,2026-08-03T07:30:43Z,10 days ago,Free (No Fees),,
We Work Remotely - https://weworkremotely.com/remote-jobs/asana-senior-privacy-engineer,Senior Privacy Engineer,Asana,We Work Remotely,https://weworkremotely.com/remote-jobs/asana-senior-privacy-engineer,https://weworkremotely.com/remote-jobs/asana-senior-privacy-engineer,2026-08-02T07:30:45Z,11 days ago,Free (No Fees),,
We Work Remotely - https://weworkremotely.com/remote-jobs/amwell-lead-fp-a-analyst,Lead FP&A Analyst,Amwell,We Work Remotely,https://weworkremotely.com/remote-jobs/amwell-lead-fp-a-analyst,https://weworkremotely.com/remote-jobs/amwell-lead-fp-a-analyst,2026-07-31T07:31:03Z,13 days ago,Free (No Fees),,
We Work Remotely - https://weworkremotely.com/remote-jobs/gitlab-area-vice-president-financial-services,Area Vice President - Financial Services,GitLab,We Work Remotely,https://weworkremotely.com/remote-jobs/gitlab-area-vice-president-financial-services,https://weworkremotely.com/remote-jobs/gitlab-area-vice-president-financial-services,2026-07-31T07:31:03Z,13 days ago,Free (No Fees),,
We Work Remotely - https://weworkremotely.com/remote-jobs/customer-io-customer-success-manager-emea,"Customer Success Manager, EMEA",Customer.io,We Work Remotely,https://weworkremotely.com/remote-jobs/customer-io-customer-success-manager-emea,https://weworkremotely.com/remote-jobs/customer-io-customer-success-manager-emea,2026-07-30T07:31:03Z,14 days ago,Free (No Fees),,
We Work Remotely - https://weworkremotely.com/remote-jobs/keeper-security-account-manager,Account Manager,Keeper Security,We Work Remotely,https://weworkremotely.com/remote-jobs/keeper-security-account-manager,https://weworkremotely.com/remote-jobs/keeper-security-account-manager,2026-07-29T07:31:04Z,15 days ago,Free (No Fees),,
We Work Remotely - https://weworkremotely.com/remote-jobs/remote-accountant-1,Accountant,Remote,We Work Remotely,https://weworkremotely.com/remote-jobs/remote-accountant-1,https://weworkremotely.com/remote-jobs/remote-accountant-1,2026-07-29T07:31:01Z,15 days ago,Free (No Fees),,
We Work Remotely - https://weworkremotely.com/remote-jobs/joby-customer-support-product-demo-specialist,Customer Support & Product Demo Specialist,Joby,We Work Remotely,https://weworkremotely.com/remote-jobs/joby-customer-support-product-demo-specialist,https://weworkremotely.com/remote-jobs/joby-customer-support-product-demo-specialist,2026-07-28T21:46:54Z,15 days ago,Free (No Fees),,
We Work Remotely - https://weworkremotely.com/remote-jobs/zapiet-head-of-marketing,Head of Marketing,Zapiet,We Work Remotely,https://weworkremotely.com/remote-jobs/zapiet-head-of-marketing,https://weworkremotely.com/remote-jobs/zapiet-head-of-marketing,2026-07-26T17:42:41Z,18 days ago,Free (No Fees),,
We Work Remotely - https://weworkremotely.com/remote-jobs/yoko-co-front-end-wordpress-developer,Front-End WordPress Developer,Yoko Co,We Work Remotely,https://weworkremotely.com/remote-jobs/yoko-co-front-end-wordpress-developer,https://weworkremotely.com/remote-jobs/yoko-co-front-end-wordpress-developer,2026-07-24T14:03:46Z,20 days ago,Free (No Fees),,
We Work Remotely - https://weworkremotely.com/remote-jobs/tines-customer-success-manager-ii-west,Customer Success Manager II - West,Tines,We Work Remotely,https://weworkremotely.com/remote-jobs/tines-customer-success-manager-ii-west,https://weworkremotely.com/remote-jobs/tines-customer-success-manager-ii-west,2026-07-24T07:01:22Z,20 days ago,Free (No Fees),,
We Work Remotely - https://weworkremotely.com/remote-jobs/jetbrains-backend-customer-success-engineer-kotlin-ecosystem,Backend Customer Success Engineer (Kotlin Ecosystem),JetBrains,We Work Remotely,https://weworkremotely.com/remote-jobs/jetbrains-backend-customer-success-engineer-kotlin-ecosystem,https://weworkremotely.com/remote-jobs/jetbrains-backend-customer-success-engineer-kotlin-ecosystem,2026-07-24T07:01:22Z,20 days ago,Free (No Fees),,
We Work Remotely - https://weworkremotely.com/remote-jobs/customer-io-contract-it-specialist,Contract IT Specialist,Customer.io,We Work Remotely,https://weworkremotely.com/remote-jobs/customer-io-contract-it-specialist,https://weworkremotely.com/remote-jobs/customer-io-contract-it-specialist,2026-07-24T07:01:22Z,20 days ago,Free (No Fees),,
We Work Remotely - https://weworkremotely.com/remote-jobs/launchdarkly-backend-engineer-flag-delivery,"Backend Engineer, Flag Delivery",LaunchDarkly,We Work Remotely,https://weworkremotely.com/remote-jobs/launchdarkly-backend-engineer-flag-delivery,https://weworkremotely.com/remote-jobs/launchdarkly-backend-engineer-flag-delivery,2026-07-24T07:01:12Z,20 days ago,Free (No Fees),,
We Work Remotely - https://weworkremotely.com/remote-jobs/bybit-blockchain-risk-control-research-intern,Blockchain Risk Control Research Intern,Bybit,We Work Remotely,https://weworkremotely.com/remote-jobs/bybit-blockchain-risk-control-research-intern,https://weworkremotely.com/remote-jobs/bybit-blockchain-risk-control-research-intern,2026-07-24T07:01:12Z,20 days ago,Free (No Fees),,
We Work Remotely - https://weworkremotely.com/remote-jobs/coinbase-senior-staff-software-engineer-legal-automation,"Senior Staff Software Engineer, Legal Automation",Coinbase,We Work Remotely,https://weworkremotely.com/remote-jobs/coinbase-senior-staff-software-engineer-legal-automation,https://weworkremotely.com/remote-jobs/coinbase-senior-staff-software-engineer-legal-automation,2026-07-24T07:01:02Z,20 days ago,Free (No Fees),,
We Work Remotely - https://weworkremotely.com/remote-jobs/coinbase-senior-staff-software-engineer-finance-automation,"Senior Staff Software Engineer, Finance Automation",Coinbase,We Work Remotely,https://weworkremotely.com/remote-jobs/coinbase-senior-staff-software-engineer-finance-automation,https://weworkremotely.com/remote-jobs/coinbase-senior-staff-software-engineer-finance-automation,2026-07-24T07:00:51Z,20 days ago,Free (No Fees),,
We Work Remotely - https://weworkremotely.com/remote-jobs/coinbase-senior-software-engineer-data-layer,"Senior Software Engineer, Data Layer",Coinbase,We Work Remotely,https://weworkremotely.com/remote-jobs/coinbase-senior-software-engineer-data-layer,https://weworkremotely.com/remote-jobs/coinbase-senior-software-engineer-data-layer,2026-07-24T05:20:50Z,20 days ago,Free (No Fees),,
We Work Remotely - https://weworkremotely.com/remote-jobs/nuuly-nuuly-senior-software-engineer,Nuuly Senior Software Engineer,Nuuly,We Work Remotely,https://weworkremotely.com/remote-jobs/nuuly-nuuly-senior-software-engineer,https://weworkremotely.com/remote-jobs/nuuly-nuuly-senior-software-engineer,2026-07-23T19:25:07Z,20 days ago,Free (No Fees),,
We Work Remotely - https://weworkremotely.com/remote-jobs/webflow-associate-general-counsel-corporate,"Associate General Counsel, Corporate",Webflow,We Work Remotely,https://weworkremotely.com/remote-jobs/webflow-associate-general-counsel-corporate,https://weworkremotely.com/remote-jobs/webflow-associate-general-counsel-corporate,2026-07-24T07:01:12Z,20 days ago,Free (No Fees),,
We Work Remotely - https://weworkremotely.com/remote-jobs/pricewaterhousecoopers-it-maintenance-and-support-expert-digital-ipa-freelance,IT Maintenance and Support Expert | Digital&IPA (freelance),PricewaterhouseCoopers,We Work Remotely,https://weworkremotely.com/remote-jobs/pricewaterhousecoopers-it-maintenance-and-support-expert-digital-ipa-freelance,https://weworkremotely.com/remote-jobs/pricewaterhousecoopers-it-maintenance-and-support-expert-digital-ipa-freelance,2026-07-23T13:29:54Z,21 days ago,Free (No Fees),,
We Work Remotely - https://weworkremotely.com/remote-jobs/twilio-senior-security-engineer-incident-response,"Senior Security Engineer, Incident Response",Twilio,We Work Remotely,https://weworkremotely.com/remote-jobs/twilio-senior-security-engineer-incident-response,https://weworkremotely.com/remote-jobs/twilio-senior-security-engineer-incident-response,2026-07-23T07:05:02Z,21 days ago,Free (No Fees),,
We Work Remotely - https://weworkremotely.com/remote-jobs/coinbase-senior-software-engineer-infrastructure-compute-platform-1,"Senior Software Engineer, Infrastructure - Compute Platform",Coinbase,We Work Remotely,https://weworkremotely.com/remote-jobs/coinbase-senior-software-engineer-infrastructure-compute-platform-1,https://weworkremotely.com/remote-jobs/coinbase-senior-software-engineer-infrastructure-compute-platform-1,2026-07-23T07:04:48Z,21 days ago,Free (No Fees),,
We Work Remotely - https://weworkremotely.com/remote-jobs/coinbase-senior-software-engineer-infrastructure-compute-platform,"Senior Software Engineer,  Infrastructure - Compute Platform",Coinbase,We Work Remotely,https://weworkremotely.com/remote-jobs/coinbase-senior-software-engineer-infrastructure-compute-platform,https://weworkremotely.com/remote-jobs/coinbase-senior-software-engineer-infrastructure-compute-platform,2026-07-23T07:04:41Z,21 days ago,Free (No Fees),,
We Work Remotely - https://weworkremotely.com/remote-jobs/stripe-technical-solutions-engineer,Technical Solutions Engineer,Stripe,We Work Remotely,https://weworkremotely.com/remote-jobs/stripe-technical-solutions-engineer,https://weworkremotely.com/remote-jobs/stripe-technical-solutions-engineer,2026-07-23T07:04:41Z,21 days ago,Free (No Fees),,
We Work Remotely - https://weworkremotely.com/remote-jobs/coinbase-senior-software-engineer-frontend-consumer-payments,"Senior Software Engineer, Frontend (Consumer - Payments)",Coinbase,We Work Remotely,https://weworkremotely.com/remote-jobs/coinbase-senior-software-engineer-frontend-consumer-payments,https://weworkremotely.com/remote-jobs/coinbase-senior-software-engineer-frontend-consumer-payments,2026-07-23T07:04:31Z,21 days ago,Free (No Fees),,
We Work Remotely - https://weworkremotely.com/remote-jobs/coinbase-senior-software-engineer-eaa,Senior Software Engineer (EAA),Coinbase,We Work Remotely,https://weworkremotely.com/remote-jobs/coinbase-senior-software-engineer-eaa,https://weworkremotely.com/remote-jobs/coinbase-senior-software-engineer-eaa,2026-07-23T07:04:27Z,21 days ago,Free (No Fees),,
We Work Remotely - https://weworkremotely.com/remote-jobs/coinbase-senior-software-engineer-1,Senior Software Engineer,Coinbase,We Work Remotely,https://weworkremotely.com/remote-jobs/coinbase-senior-software-engineer-1,https://weworkremotely.com/remote-jobs/coinbase-senior-software-engineer-1,2026-07-23T07:03:34Z,21 days ago,Free (No Fees),,
We Work Remotely - https://weworkremotely.com/remote-jobs/coinbase-senior-software-engineer,Senior Software Engineer,Coinbase,We Work Remotely,https://weworkremotely.com/remote-jobs/coinbase-senior-software-engineer,https://weworkremotely.com/remote-jobs/coinbase-senior-software-engineer,2026-07-23T07:03:20Z,21 days ago,Free (No Fees),,
We Work Remotely - https://weworkremotely.com/remote-jobs/perkinelmer-senior-financial-analyst-fp-a-business-partner-onesource-finance,"Senior Financial Analyst  FP&A – Business Partner, OneSource Finance",PerkinElmer,We Work Remotely,https://weworkremotely.com/remote-jobs/perkinelmer-senior-financial-analyst-fp-a-business-partner-onesource-finance,https://weworkremotely.com/remote-jobs/perkinelmer-senior-financial-analyst-fp-a-business-partner-onesource-finance,2026-07-23T13:29:54Z,21 days ago,Free (No Fees),,
We Work Remotely - https://weworkremotely.com/remote-jobs/allstate-personal-financial-representative-tn,Personal Financial Representative - TN,Allstate,We Work Remotely,https://weworkremotely.com/remote-jobs/allstate-personal-financial-representative-tn,https://weworkremotely.com/remote-jobs/allstate-personal-financial-representative-tn,2026-07-23T13:29:54Z,21 days ago,Free (No Fees),,
We Work Remotely - https://weworkremotely.com/remote-jobs/coinbase-machine-learning-engineer-cx-intelligence,"Machine Learning Engineer, CX Intelligence",Coinbase,We Work Remotely,https://weworkremotely.com/remote-jobs/coinbase-machine-learning-engineer-cx-intelligence,https://weworkremotely.com/remote-jobs/coinbase-machine-learning-engineer-cx-intelligence,2026-07-22T07:04:06Z,22 days ago,Free (No Fees),,
We Work Remotely - https://weworkremotely.com/remote-jobs/digital-treasury-pty-ltd-senior-seo-specialist,Senior SEO Specialist,Digital Treasury Pty Ltd,We Work Remotely,https://weworkremotely.com/remote-jobs/digital-treasury-pty-ltd-senior-seo-specialist,https://weworkremotely.com/remote-jobs/digital-treasury-pty-ltd-senior-seo-specialist,2026-07-14T03:03:10Z,30 days ago,Free (No Fees),,
We Work Remotely - https://weworkremotely.com/remote-jobs/loosegrip-junior-designer-part-time-contract,Junior Designer (Part-Time Contract),LooseGrip,We Work Remotely,https://weworkremotely.com/remote-jobs/loosegrip-junior-designer-part-time-contract,https://weworkremotely.com/remote-jobs/loosegrip-junior-designer-part-time-contract,2026-07-14T15:29:26Z,30 days ago,Free (No Fees),,
We Work Remotely - https://weworkremotely.com/remote-jobs/spiralyze-project-manager-1,Project Manager,Spiralyze,We Work Remotely,https://weworkremotely.com/remote-jobs/spiralyze-project-manager-1,https://weworkremotely.com/remote-jobs/spiralyze-project-manager-1,2026-07-08T12:07:36Z,36 days ago,Free (No Fees),,
We Work Remotely - https://weworkremotely.com/remote-jobs/ignition-inc-mac-msp-help-desk-guru-work-from-home,Mac MSP Help Desk Guru (work from home),"Ignition, Inc.",We Work Remotely,https://weworkremotely.com/remote-jobs/ignition-inc-mac-msp-help-desk-guru-work-from-home,https://weworkremotely.com/remote-jobs/ignition-inc-mac-msp-help-desk-guru-work-from-home,2026-05-28T07:25:37Z,77 days ago,Free (No Fees),,
We Work Remotely - https://weworkremotely.com/remote-jobs/speechify-inc-senior-software-engineer-web-1,"Senior Software Engineer, Web",Speechify Inc,We Work Remotely,https://weworkremotely.com/remote-jobs/speechify-inc-senior-software-engineer-web-1,https://weworkremotely.com/remote-jobs/speechify-inc-senior-software-engineer-web-1,2026-05-23T13:43:59Z,82 days ago,Free (No Fees),,
We Work Remotely - https://weworkremotely.com/remote-jobs/sitecare-client-success-advisor,Client Success Advisor,SiteCare,We Work Remotely,https://weworkremotely.com/remote-jobs/sitecare-client-success-advisor,https://weworkremotely.com/remote-jobs/sitecare-client-success-advisor,2026-05-15T16:29:13Z,90 days ago,Free (No Fees),,
We Work Remotely - https://weworkremotely.com/remote-jobs/sticker-mule-software-engineer-3,Software engineer,Sticker Mule,We Work Remotely,https://weworkremotely.com/remote-jobs/sticker-mule-software-engineer-3,https://weworkremotely.com/remote-jobs/sticker-mule-software-engineer-3,2026-05-14T09:14:28Z,91 days ago,Free (No Fees),,
